section,category,filename,prompt
01,Background and board,background_forest_main.png,"Create a premium mobile game background asset for a cozy magical forest match-3 puzzle game. Create a main magical forest gameplay background with soft moss, warm sunlight, gentle depth, subtle flowers, leaves, and cozy atmosphere. Use the same handcrafted premium casual-game style as the rest of the game: soft painted textures, rounded shapes, matte finish, subtle shading, gentle highlights, cozy magical forest color harmony, polished mobile game quality, clean silhouette, and high readability at small size. The center should support readable gameplay and not compete with the board. No text, no UI, no characters unless specified."
01,Background and board,ui_overlay_dark.png,"Create a premium mobile game UI overlay asset for a cozy magical forest match-3 puzzle game. Create a soft dark transparent modal overlay for dimming the game background behind popups. Use the same handcrafted premium casual-game style as the rest of the game: soft painted textures, rounded shapes, matte finish, subtle shading, gentle highlights, cozy magical forest color harmony, polished mobile game quality, clean silhouette, and high readability at small size. Use deep forest green-black transparency, gentle vignette feel, calm premium mood. Transparent PNG, no text, no background."
01,Background and board,ui_overlay_blur.png,"Create a premium mobile game UI overlay asset for a cozy magical forest match-3 puzzle game. Create a soft translucent blur overlay for modal states, using subtle frosted forest-green tint. Use the same handcrafted premium casual-game style as the rest of the game: soft painted textures, rounded shapes, matte finish, subtle shading, gentle highlights, cozy magical forest color harmony, polished mobile game quality, clean silhouette, and high readability at small size. It should help popups stand out without feeling harsh. Transparent PNG, no text, no background."
01,Background and board,board_container.png,"Create a premium mobile game UI panel asset for a cozy magical forest match-3 puzzle game. Create a main match-3 board container plate with rounded moss-stone or carved wood frame, designed to hold a square grid. Use the same handcrafted premium casual-game style as the rest of the game: soft painted textures, rounded shapes, matte finish, subtle shading, gentle highlights, cozy magical forest color harmony, polished mobile game quality, clean silhouette, and high readability at small size. Leave layout areas empty for in-game text and icons to be added later. The center should be open/empty for the gameplay grid. Transparent PNG, no text, no background."
01,Background and board,board_inner_surface.png,"Create a premium mobile game UI panel asset for a cozy magical forest match-3 puzzle game. Create a calm board inner surface for the grid area, with subtle moss-stone texture, soft inset shadow, and low-contrast separators. Use the same handcrafted premium casual-game style as the rest of the game: soft painted textures, rounded shapes, matte finish, subtle shading, gentle highlights, cozy magical forest color harmony, polished mobile game quality, clean silhouette, and high readability at small size. Leave layout areas empty for in-game text and icons to be added later. No tiles included. Transparent PNG, no text, no background."
01,Background and board,board_rim.png,"Create a premium mobile game overlay asset for a cozy magical forest match-3 puzzle game. Create a soft outer board rim or border with moss-stone/carved wood details and tiny leaf accents. Use the same handcrafted premium casual-game style as the rest of the game: soft painted textures, rounded shapes, matte finish, subtle shading, gentle highlights, cozy magical forest color harmony, polished mobile game quality, clean silhouette, and high readability at small size. The asset must sit on top of an existing tile, not include its own tile base. Orthographic top-down view, perfectly centered, no perspective, no rotation, grid-ready, readable at 64x64 pixels. Designed to frame the board without covering tiles. Transparent PNG, no text, no background."
01,Background and board,board_shadow.png,"Create a premium mobile game overlay asset for a cozy magical forest match-3 puzzle game. Create a large soft shadow layer under the board container to make the board sit naturally in the forest scene. Use the same handcrafted premium casual-game style as the rest of the game: soft painted textures, rounded shapes, matte finish, subtle shading, gentle highlights, cozy magical forest color harmony, polished mobile game quality, clean silhouette, and high readability at small size. The asset must sit on top of an existing tile, not include its own tile base. Orthographic top-down view, perfectly centered, no perspective, no rotation, grid-ready, readable at 64x64 pixels. Very subtle, soft, premium, not harsh. Transparent PNG, no text, no background."
01,Background and board,board_grid_separators.png,"Create a premium mobile game overlay asset for a cozy magical forest match-3 puzzle game. Create subtle grid separator lines for a match-3 board, soft sage-green grooves with low contrast. Use the same handcrafted premium casual-game style as the rest of the game: soft painted textures, rounded shapes, matte finish, subtle shading, gentle highlights, cozy magical forest color harmony, polished mobile game quality, clean silhouette, and high readability at small size. The asset must sit on top of an existing tile, not include its own tile base. Orthographic top-down view, perfectly centered, no perspective, no rotation, grid-ready, readable at 64x64 pixels. Should separate cells without making the board noisy. Transparent PNG, no text, no background."
01,Background and board,board_empty_area.png,"Create a premium mobile game overlay asset for a cozy magical forest match-3 puzzle game. Create an empty board area mask/state for cells without tiles, using muted moss-stone darkness and soft inner shadow. Use the same handcrafted premium casual-game style as the rest of the game: soft painted textures, rounded shapes, matte finish, subtle shading, gentle highlights, cozy magical forest color harmony, polished mobile game quality, clean silhouette, and high readability at small size. The asset must sit on top of an existing tile, not include its own tile base. Orthographic top-down view, perfectly centered, no perspective, no rotation, grid-ready, readable at 64x64 pixels. Designed for non-playable empty spaces. Transparent PNG, no text, no background."
01,Background and board,board_blocked_area.png,"Create a premium mobile game overlay asset for a cozy magical forest match-3 puzzle game. Create a blocked board area state for non-playable cells, using muted stone, moss, and low-contrast texture. Use the same handcrafted premium casual-game style as the rest of the game: soft painted textures, rounded shapes, matte finish, subtle shading, gentle highlights, cozy magical forest color harmony, polished mobile game quality, clean silhouette, and high readability at small size. The asset must sit on top of an existing tile, not include its own tile base. Orthographic top-down view, perfectly centered, no perspective, no rotation, grid-ready, readable at 64x64 pixels. It should read as unavailable but still cozy. Transparent PNG, no text, no background."
02,Base tile states,tile_base_normal.png,"Create a premium mobile game tile asset for a cozy magical forest match-3 puzzle game. Create a soft square moss-stone base tile with rounded corners, pale sage-green surface, subtle handmade imperfections, very soft bevel, gentle inner shadow, and matte painted texture. Use the same handcrafted premium casual-game style as the rest of the game: soft painted textures, rounded shapes, matte finish, subtle shading, gentle highlights, cozy magical forest color harmony, polished mobile game quality, clean silhouette, and high readability at small size. Orthographic top-down view, perfectly centered, no perspective, no rotation, grid-ready, readable at 64x64 pixels. Transparent PNG, no text, no background."
02,Base tile states,tile_base_hover.png,"Create a premium mobile game tile asset for a cozy magical forest match-3 puzzle game. Create a soft square moss-stone base tile with rounded corners, pale sage-green surface, subtle handmade imperfections, very soft bevel, gentle inner shadow, and matte painted texture in a hover/focus state, slightly brighter and subtly lifted. Use the same handcrafted premium casual-game style as the rest of the game: soft painted textures, rounded shapes, matte finish, subtle shading, gentle highlights, cozy magical forest color harmony, polished mobile game quality, clean silhouette, and high readability at small size. Orthographic top-down view, perfectly centered, no perspective, no rotation, grid-ready, readable at 64x64 pixels. Add a soft shadow underneath. Transparent PNG, no text, no background."
02,Base tile states,tile_base_selected.png,"Create a premium mobile game tile asset for a cozy magical forest match-3 puzzle game. Create a soft square moss-stone base tile with rounded corners, pale sage-green surface, subtle handmade imperfections, very soft bevel, gentle inner shadow, and matte painted texture in a selected state with subtle warm golden rim light and gentle magical glow. Use the same handcrafted premium casual-game style as the rest of the game: soft painted textures, rounded shapes, matte finish, subtle shading, gentle highlights, cozy magical forest color harmony, polished mobile game quality, clean silhouette, and high readability at small size. Orthographic top-down view, perfectly centered, no perspective, no rotation, grid-ready, readable at 64x64 pixels. Do not make it too bright. Transparent PNG, no text, no background."
02,Base tile states,tile_base_pressed.png,"Create a premium mobile game tile asset for a cozy magical forest match-3 puzzle game. Create a soft square moss-stone base tile with rounded corners, pale sage-green surface, subtle handmade imperfections, very soft bevel, gentle inner shadow, and matte painted texture in a pressed state, slightly darker and lower with compressed inner shadow. Use the same handcrafted premium casual-game style as the rest of the game: soft painted textures, rounded shapes, matte finish, subtle shading, gentle highlights, cozy magical forest color harmony, polished mobile game quality, clean silhouette, and high readability at small size. Orthographic top-down view, perfectly centered, no perspective, no rotation, grid-ready, readable at 64x64 pixels. Should feel tactile. Transparent PNG, no text, no background."
02,Base tile states,tile_base_invalid_move.png,"Create a premium mobile game tile asset for a cozy magical forest match-3 puzzle game. Create a soft square moss-stone base tile with rounded corners, pale sage-green surface, subtle handmade imperfections, very soft bevel, gentle inner shadow, and matte painted texture in an invalid move state with a subtle warm warning tint and tiny shake-energy marks. Use the same handcrafted premium casual-game style as the rest of the game: soft painted textures, rounded shapes, matte finish, subtle shading, gentle highlights, cozy magical forest color harmony, polished mobile game quality, clean silhouette, and high readability at small size. Orthographic top-down view, perfectly centered, no perspective, no rotation, grid-ready, readable at 64x64 pixels. Friendly, not aggressive. Transparent PNG, no text, no background."
02,Base tile states,tile_base_matched_flash.png,"Create a premium mobile game tile asset for a cozy magical forest match-3 puzzle game. Create a soft square moss-stone base tile with rounded corners, pale sage-green surface, subtle handmade imperfections, very soft bevel, gentle inner shadow, and matte painted texture in a matched flash state with soft golden-green highlight and tiny sparkles. Use the same handcrafted premium casual-game style as the rest of the game: soft painted textures, rounded shapes, matte finish, subtle shading, gentle highlights, cozy magical forest color harmony, polished mobile game quality, clean silhouette, and high readability at small size. Orthographic top-down view, perfectly centered, no perspective, no rotation, grid-ready, readable at 64x64 pixels. Temporary effect feel. Transparent PNG, no text, no background."
02,Base tile states,tile_empty_slot.png,"Create a premium mobile game tile asset for a cozy magical forest match-3 puzzle game. Create an empty tile slot with a soft inset moss-stone depression, low contrast, rounded square shape, and gentle shadow. Use the same handcrafted premium casual-game style as the rest of the game: soft painted textures, rounded shapes, matte finish, subtle shading, gentle highlights, cozy magical forest color harmony, polished mobile game quality, clean silhouette, and high readability at small size. Orthographic top-down view, perfectly centered, no perspective, no rotation, grid-ready, readable at 64x64 pixels. No symbol. Transparent PNG, no text, no background."
02,Base tile states,tile_inactive.png,"Create a premium mobile game tile asset for a cozy magical forest match-3 puzzle game. Create an inactive tile state with muted desaturated sage-gray moss-stone surface, lower contrast, and soft matte texture. Use the same handcrafted premium casual-game style as the rest of the game: soft painted textures, rounded shapes, matte finish, subtle shading, gentle highlights, cozy magical forest color harmony, polished mobile game quality, clean silhouette, and high readability at small size. Orthographic top-down view, perfectly centered, no perspective, no rotation, grid-ready, readable at 64x64 pixels. No symbol. Transparent PNG, no text, no background."
02,Base tile states,tile_locked_base.png,"Create a premium mobile game tile asset for a cozy magical forest match-3 puzzle game. Create a locked tile base with subtle root or vine lock markings integrated into the moss-stone surface. Use the same handcrafted premium casual-game style as the rest of the game: soft painted textures, rounded shapes, matte finish, subtle shading, gentle highlights, cozy magical forest color harmony, polished mobile game quality, clean silhouette, and high readability at small size. Orthographic top-down view, perfectly centered, no perspective, no rotation, grid-ready, readable at 64x64 pixels. No separate symbol, just a locked state. Transparent PNG, no text, no background."
02,Base tile states,tile_objective_base.png,"Create a premium mobile game tile asset for a cozy magical forest match-3 puzzle game. Create an objective tile base with subtle moss/leaf accents under the tile surface, clearly different from normal base but not noisy. Use the same handcrafted premium casual-game style as the rest of the game: soft painted textures, rounded shapes, matte finish, subtle shading, gentle highlights, cozy magical forest color harmony, polished mobile game quality, clean silhouette, and high readability at small size. Orthographic top-down view, perfectly centered, no perspective, no rotation, grid-ready, readable at 64x64 pixels. No main symbol. Transparent PNG, no text, no background."
03,Core match tiles,tile_sun.png,"Create a premium mobile game tile asset for a cozy magical forest match-3 puzzle game. Create a complete match-3 tile with a soft square moss-stone base and centered symbol: a warm golden sun with rounded rays, matte finish, gentle orange-yellow shading, and controlled magical glow. Use the same handcrafted premium casual-game style as the rest of the game: soft painted textures, rounded shapes, matte finish, subtle shading, gentle highlights, cozy magical forest color harmony, polished mobile game quality, clean silhouette, and high readability at small size. Orthographic top-down view, perfectly centered, no perspective, no rotation, grid-ready, readable at 64x64 pixels. Transparent PNG, no text, no background."
03,Core match tiles,tile_water_drop.png,"Create a premium mobile game tile asset for a cozy magical forest match-3 puzzle game. Create a complete match-3 tile with a soft square moss-stone base and centered symbol: a single rounded blue water droplet with cyan-to-deep-blue shading, subtle internal highlight, matte painted look, not glassy. Use the same handcrafted premium casual-game style as the rest of the game: soft painted textures, rounded shapes, matte finish, subtle shading, gentle highlights, cozy magical forest color harmony, polished mobile game quality, clean silhouette, and high readability at small size. Orthographic top-down view, perfectly centered, no perspective, no rotation, grid-ready, readable at 64x64 pixels. Transparent PNG, no text, no background."
03,Core match tiles,tile_pink_flower.png,"Create a premium mobile game tile asset for a cozy magical forest match-3 puzzle game. Create a complete match-3 tile with a soft square moss-stone base and centered symbol: a soft pink flower with five rounded petals, warm coral-pink color, small yellow center, and matte painted texture. Use the same handcrafted premium casual-game style as the rest of the game: soft painted textures, rounded shapes, matte finish, subtle shading, gentle highlights, cozy magical forest color harmony, polished mobile game quality, clean silhouette, and high readability at small size. Orthographic top-down view, perfectly centered, no perspective, no rotation, grid-ready, readable at 64x64 pixels. Transparent PNG, no text, no background."
03,Core match tiles,tile_green_leaf.png,"Create a premium mobile game tile asset for a cozy magical forest match-3 puzzle game. Create a complete match-3 tile with a soft square moss-stone base and centered symbol: a single curled green leaf with subtle veins, sage and emerald tones, and soft matte painted texture. Use the same handcrafted premium casual-game style as the rest of the game: soft painted textures, rounded shapes, matte finish, subtle shading, gentle highlights, cozy magical forest color harmony, polished mobile game quality, clean silhouette, and high readability at small size. Orthographic top-down view, perfectly centered, no perspective, no rotation, grid-ready, readable at 64x64 pixels. Transparent PNG, no text, no background."
03,Core match tiles,tile_berry_cluster.png,"Create a premium mobile game tile asset for a cozy magical forest match-3 puzzle game. Create a complete match-3 tile with a soft square moss-stone base and centered symbol: a rounded red-purple berry cluster with tiny green leaves, juicy but not plastic, soft painted texture. Use the same handcrafted premium casual-game style as the rest of the game: soft painted textures, rounded shapes, matte finish, subtle shading, gentle highlights, cozy magical forest color harmony, polished mobile game quality, clean silhouette, and high readability at small size. Orthographic top-down view, perfectly centered, no perspective, no rotation, grid-ready, readable at 64x64 pixels. Transparent PNG, no text, no background."
03,Core match tiles,tile_rainbow_gem.png,"Create a premium mobile game tile asset for a cozy magical forest match-3 puzzle game. Create a complete match-3 tile with a soft square moss-stone base and centered symbol: a rounded magical rainbow gem/orb with muted iridescent bands, soft glow, and matte enchanted stone feel. Use the same handcrafted premium casual-game style as the rest of the game: soft painted textures, rounded shapes, matte finish, subtle shading, gentle highlights, cozy magical forest color harmony, polished mobile game quality, clean silhouette, and high readability at small size. Orthographic top-down view, perfectly centered, no perspective, no rotation, grid-ready, readable at 64x64 pixels. Transparent PNG, no text, no background."
04,Objective assets,objective_moss_patch.png,"Create a premium mobile game overlay asset for a cozy magical forest match-3 puzzle game. Create a rounded lush green moss patch objective with tiny leaf details, bumpy soft surface, darker green depth, and soft matte texture. Use the same handcrafted premium casual-game style as the rest of the game: soft painted textures, rounded shapes, matte finish, subtle shading, gentle highlights, cozy magical forest color harmony, polished mobile game quality, clean silhouette, and high readability at small size. The asset must sit on top of an existing tile, not include its own tile base. Orthographic top-down view, perfectly centered, no perspective, no rotation, grid-ready, readable at 64x64 pixels. Transparent PNG, no text, no background."
04,Objective assets,objective_moss_under_tile.png,"Create a premium mobile game overlay asset for a cozy magical forest match-3 puzzle game. Create a moss-under-tile objective layer that sits beneath a normal match tile, visible around tile edges, lush green and readable. Use the same handcrafted premium casual-game style as the rest of the game: soft painted textures, rounded shapes, matte finish, subtle shading, gentle highlights, cozy magical forest color harmony, polished mobile game quality, clean silhouette, and high readability at small size. The asset must sit on top of an existing tile, not include its own tile base. Orthographic top-down view, perfectly centered, no perspective, no rotation, grid-ready, readable at 64x64 pixels. Transparent PNG, no text, no background."
04,Objective assets,objective_moss_damaged_01.png,"Create a premium mobile game overlay asset for a cozy magical forest match-3 puzzle game. Create a partially cleared moss patch after one hit, with some moss missing and clearer stone visible underneath. Use the same handcrafted premium casual-game style as the rest of the game: soft painted textures, rounded shapes, matte finish, subtle shading, gentle highlights, cozy magical forest color harmony, polished mobile game quality, clean silhouette, and high readability at small size. The asset must sit on top of an existing tile, not include its own tile base. Orthographic top-down view, perfectly centered, no perspective, no rotation, grid-ready, readable at 64x64 pixels. Transparent PNG, no text, no background."
04,Objective assets,objective_moss_damaged_02.png,"Create a premium mobile game overlay asset for a cozy magical forest match-3 puzzle game. Create a mostly cleared moss patch after two hits, with only small moss clusters remaining and most of the stone visible. Use the same handcrafted premium casual-game style as the rest of the game: soft painted textures, rounded shapes, matte finish, subtle shading, gentle highlights, cozy magical forest color harmony, polished mobile game quality, clean silhouette, and high readability at small size. The asset must sit on top of an existing tile, not include its own tile base. Orthographic top-down view, perfectly centered, no perspective, no rotation, grid-ready, readable at 64x64 pixels. Transparent PNG, no text, no background."
04,Objective assets,objective_moss_cleared_tile.png,"Create a premium mobile game tile asset for a cozy magical forest match-3 puzzle game. Create a clean cleared objective tile state where moss has been removed, showing calm pale moss-stone with subtle freshness. Use the same handcrafted premium casual-game style as the rest of the game: soft painted textures, rounded shapes, matte finish, subtle shading, gentle highlights, cozy magical forest color harmony, polished mobile game quality, clean silhouette, and high readability at small size. Orthographic top-down view, perfectly centered, no perspective, no rotation, grid-ready, readable at 64x64 pixels. Transparent PNG, no text, no background."
04,Objective assets,objective_moss_collect_icon.png,"Create a premium mobile game icon asset for a cozy magical forest match-3 puzzle game. Create a small moss collect icon with lush green moss, tiny leaves, rounded organic silhouette, and premium puzzle readability. Use the same handcrafted premium casual-game style as the rest of the game: soft painted textures, rounded shapes, matte finish, subtle shading, gentle highlights, cozy magical forest color harmony, polished mobile game quality, clean silhouette, and high readability at small size. Centered composition, readable at 64x64 pixels. Transparent PNG, no text, no background."
04,Objective assets,effect_moss_cleared.png,"Create a premium mobile game overlay asset for a cozy magical forest match-3 puzzle game. Create a soft moss-cleared effect with green-gold particles, tiny leaves, gentle sparkles, and a satisfying magical dissolve. Use the same handcrafted premium casual-game style as the rest of the game: soft painted textures, rounded shapes, matte finish, subtle shading, gentle highlights, cozy magical forest color harmony, polished mobile game quality, clean silhouette, and high readability at small size. The asset must sit on top of an existing tile, not include its own tile base. Orthographic top-down view, perfectly centered, no perspective, no rotation, grid-ready, readable at 64x64 pixels. Transparent PNG, no text, no background."
04,Objective assets,objective_basket_empty.png,"Create a premium mobile game icon asset for a cozy magical forest match-3 puzzle game. Create an empty woven basket objective with warm natural straw tones, subtle woven texture, rounded handcrafted shape, and clear empty interior. Use the same handcrafted premium casual-game style as the rest of the game: soft painted textures, rounded shapes, matte finish, subtle shading, gentle highlights, cozy magical forest color harmony, polished mobile game quality, clean silhouette, and high readability at small size. Centered composition, readable at 64x64 pixels. Transparent PNG, no text, no background."
04,Objective assets,objective_basket_fill_01.png,"Create a premium mobile game icon asset for a cozy magical forest match-3 puzzle game. Create a woven basket objective in first fill stage, with a small amount of collected forest items inside and clear readable silhouette. Use the same handcrafted premium casual-game style as the rest of the game: soft painted textures, rounded shapes, matte finish, subtle shading, gentle highlights, cozy magical forest color harmony, polished mobile game quality, clean silhouette, and high readability at small size. Centered composition, readable at 64x64 pixels. Transparent PNG, no text, no background."
04,Objective assets,objective_basket_fill_02.png,"Create a premium mobile game icon asset for a cozy magical forest match-3 puzzle game. Create a woven basket objective in second fill stage, noticeably fuller than stage one but not completely full. Use the same handcrafted premium casual-game style as the rest of the game: soft painted textures, rounded shapes, matte finish, subtle shading, gentle highlights, cozy magical forest color harmony, polished mobile game quality, clean silhouette, and high readability at small size. Centered composition, readable at 64x64 pixels. Transparent PNG, no text, no background."
04,Objective assets,objective_basket_full.png,"Create a premium mobile game icon asset for a cozy magical forest match-3 puzzle game. Create a full woven basket objective, visually satisfying and complete, with warm straw tones and clear collected contents. Use the same handcrafted premium casual-game style as the rest of the game: soft painted textures, rounded shapes, matte finish, subtle shading, gentle highlights, cozy magical forest color harmony, polished mobile game quality, clean silhouette, and high readability at small size. Centered composition, readable at 64x64 pixels. Transparent PNG, no text, no background."
04,Objective assets,objective_honey_pot_cracked.png,"Create a premium mobile game icon asset for a cozy magical forest match-3 puzzle game. Create a cracked honey pot objective with rounded warm ceramic body, golden honey details, visible cracks, and cozy magical charm. Use the same handcrafted premium casual-game style as the rest of the game: soft painted textures, rounded shapes, matte finish, subtle shading, gentle highlights, cozy magical forest color harmony, polished mobile game quality, clean silhouette, and high readability at small size. Centered composition, readable at 64x64 pixels. Transparent PNG, no text, no background."
04,Objective assets,objective_honey_pot_open.png,"Create a premium mobile game icon asset for a cozy magical forest match-3 puzzle game. Create an open honey pot objective with rounded warm ceramic body and golden honey visible inside. Use the same handcrafted premium casual-game style as the rest of the game: soft painted textures, rounded shapes, matte finish, subtle shading, gentle highlights, cozy magical forest color harmony, polished mobile game quality, clean silhouette, and high readability at small size. Centered composition, readable at 64x64 pixels. Transparent PNG, no text, no background."
04,Objective assets,objective_honey_pot_empty.png,"Create a premium mobile game icon asset for a cozy magical forest match-3 puzzle game. Create an empty honey pot objective with minimal honey residue remaining, clearly reading as collected/finished. Use the same handcrafted premium casual-game style as the rest of the game: soft painted textures, rounded shapes, matte finish, subtle shading, gentle highlights, cozy magical forest color harmony, polished mobile game quality, clean silhouette, and high readability at small size. Centered composition, readable at 64x64 pixels. Transparent PNG, no text, no background."
04,Objective assets,objective_acorn_nest_empty.png,"Create a premium mobile game icon asset for a cozy magical forest match-3 puzzle game. Create an empty acorn nest objective made of twigs, leaves, and soft natural fibers, ready to be filled. Use the same handcrafted premium casual-game style as the rest of the game: soft painted textures, rounded shapes, matte finish, subtle shading, gentle highlights, cozy magical forest color harmony, polished mobile game quality, clean silhouette, and high readability at small size. Centered composition, readable at 64x64 pixels. Transparent PNG, no text, no background."
04,Objective assets,objective_acorn_nest_fill_01.png,"Create a premium mobile game icon asset for a cozy magical forest match-3 puzzle game. Create an acorn nest objective in first fill stage with a small number of acorns inside. Use the same handcrafted premium casual-game style as the rest of the game: soft painted textures, rounded shapes, matte finish, subtle shading, gentle highlights, cozy magical forest color harmony, polished mobile game quality, clean silhouette, and high readability at small size. Centered composition, readable at 64x64 pixels. Transparent PNG, no text, no background."
04,Objective assets,objective_acorn_nest_fill_02.png,"Create a premium mobile game icon asset for a cozy magical forest match-3 puzzle game. Create an acorn nest objective in second fill stage with noticeably more acorns but not full. Use the same handcrafted premium casual-game style as the rest of the game: soft painted textures, rounded shapes, matte finish, subtle shading, gentle highlights, cozy magical forest color harmony, polished mobile game quality, clean silhouette, and high readability at small size. Centered composition, readable at 64x64 pixels. Transparent PNG, no text, no background."
04,Objective assets,objective_acorn_nest_full.png,"Create a premium mobile game icon asset for a cozy magical forest match-3 puzzle game. Create a full acorn nest objective with many acorns, visually satisfying and complete. Use the same handcrafted premium casual-game style as the rest of the game: soft painted textures, rounded shapes, matte finish, subtle shading, gentle highlights, cozy magical forest color harmony, polished mobile game quality, clean silhouette, and high readability at small size. Centered composition, readable at 64x64 pixels. Transparent PNG, no text, no background."
05,Blockers and obstacle overlays,blocker_ice_full.png,"Create a premium mobile game overlay asset for a cozy magical forest match-3 puzzle game. Create a full layer of magical ice covering one square tile area, translucent blue-white with frosty edges, subtle bubbles, and gentle highlights. Use the same handcrafted premium casual-game style as the rest of the game: soft painted textures, rounded shapes, matte finish, subtle shading, gentle highlights, cozy magical forest color harmony, polished mobile game quality, clean silhouette, and high readability at small size. The asset must sit on top of an existing tile, not include its own tile base. Orthographic top-down view, perfectly centered, no perspective, no rotation, grid-ready, readable at 64x64 pixels. Transparent PNG, no text, no background."
05,Blockers and obstacle overlays,blocker_ice_cracked.png,"Create a premium mobile game overlay asset for a cozy magical forest match-3 puzzle game. Create a cracked magical ice layer after one hit, with visible soft cracks, chipped frosty edges, and translucent blue-white depth. Use the same handcrafted premium casual-game style as the rest of the game: soft painted textures, rounded shapes, matte finish, subtle shading, gentle highlights, cozy magical forest color harmony, polished mobile game quality, clean silhouette, and high readability at small size. The asset must sit on top of an existing tile, not include its own tile base. Orthographic top-down view, perfectly centered, no perspective, no rotation, grid-ready, readable at 64x64 pixels. Transparent PNG, no text, no background."
05,Blockers and obstacle overlays,blocker_vine_full.png,"Create a premium mobile game overlay asset for a cozy magical forest match-3 puzzle game. Create thick green forest vines wrapped across one square tile area, clearly blocking the tile with rounded stems and tiny leaves. Use the same handcrafted premium casual-game style as the rest of the game: soft painted textures, rounded shapes, matte finish, subtle shading, gentle highlights, cozy magical forest color harmony, polished mobile game quality, clean silhouette, and high readability at small size. The asset must sit on top of an existing tile, not include its own tile base. Orthographic top-down view, perfectly centered, no perspective, no rotation, grid-ready, readable at 64x64 pixels. Transparent PNG, no text, no background."
05,Blockers and obstacle overlays,blocker_vine_cut_01.png,"Create a premium mobile game overlay asset for a cozy magical forest match-3 puzzle game. Create a partially cut vine blocker after one hit, with one or two loosened vine strands and some missing leaves. Use the same handcrafted premium casual-game style as the rest of the game: soft painted textures, rounded shapes, matte finish, subtle shading, gentle highlights, cozy magical forest color harmony, polished mobile game quality, clean silhouette, and high readability at small size. The asset must sit on top of an existing tile, not include its own tile base. Orthographic top-down view, perfectly centered, no perspective, no rotation, grid-ready, readable at 64x64 pixels. Transparent PNG, no text, no background."
05,Blockers and obstacle overlays,blocker_vine_cut_02.png,"Create a premium mobile game overlay asset for a cozy magical forest match-3 puzzle game. Create a heavily cut vine blocker almost cleared, with only a few broken vine strands and small leaves remaining. Use the same handcrafted premium casual-game style as the rest of the game: soft painted textures, rounded shapes, matte finish, subtle shading, gentle highlights, cozy magical forest color harmony, polished mobile game quality, clean silhouette, and high readability at small size. The asset must sit on top of an existing tile, not include its own tile base. Orthographic top-down view, perfectly centered, no perspective, no rotation, grid-ready, readable at 64x64 pixels. Transparent PNG, no text, no background."
05,Blockers and obstacle overlays,blocker_stone_full.png,"Create a premium mobile game overlay asset for a cozy magical forest match-3 puzzle game. Create one solid rounded moss-stone block covering one square tile area, strong and durable with gray-green stone and moss accents. Use the same handcrafted premium casual-game style as the rest of the game: soft painted textures, rounded shapes, matte finish, subtle shading, gentle highlights, cozy magical forest color harmony, polished mobile game quality, clean silhouette, and high readability at small size. The asset must sit on top of an existing tile, not include its own tile base. Orthographic top-down view, perfectly centered, no perspective, no rotation, grid-ready, readable at 64x64 pixels. Transparent PNG, no text, no background."
05,Blockers and obstacle overlays,blocker_stone_cracked_01.png,"Create a premium mobile game overlay asset for a cozy magical forest match-3 puzzle game. Create a cracked rounded moss-stone blocker after one hit, with visible soft cracks, chipped edges, moss accents, and dust details. Use the same handcrafted premium casual-game style as the rest of the game: soft painted textures, rounded shapes, matte finish, subtle shading, gentle highlights, cozy magical forest color harmony, polished mobile game quality, clean silhouette, and high readability at small size. The asset must sit on top of an existing tile, not include its own tile base. Orthographic top-down view, perfectly centered, no perspective, no rotation, grid-ready, readable at 64x64 pixels. Transparent PNG, no text, no background."
05,Blockers and obstacle overlays,blocker_stone_cracked_02.png,"Create a premium mobile game overlay asset for a cozy magical forest match-3 puzzle game. Create a heavily cracked moss-stone blocker almost broken, with deeper cracks, chipped fragments, small separated pieces, and soft dust particles. Use the same handcrafted premium casual-game style as the rest of the game: soft painted textures, rounded shapes, matte finish, subtle shading, gentle highlights, cozy magical forest color harmony, polished mobile game quality, clean silhouette, and high readability at small size. The asset must sit on top of an existing tile, not include its own tile base. Orthographic top-down view, perfectly centered, no perspective, no rotation, grid-ready, readable at 64x64 pixels. Transparent PNG, no text, no background."
06,Boosters and special tiles,special_rocket_base.png,"Create a premium mobile game overlay asset for a cozy magical forest match-3 puzzle game. Create a base special rocket booster that horizontal and vertical rocket variants are based on, a charming wooden-and-leaf rocket with warm wood tones, tiny leaf fins, golden accents, glowing tip, and sparkle details. Use the same handcrafted premium casual-game style as the rest of the game: soft painted textures, rounded shapes, matte finish, subtle shading, gentle highlights, cozy magical forest color harmony, polished mobile game quality, clean silhouette, and high readability at small size. The asset must sit on top of an existing tile, not include its own tile base. Orthographic top-down view, perfectly centered, no perspective, no rotation, grid-ready, readable at 64x64 pixels. Direction-neutral enough to adapt into row/column versions. Transparent PNG, no text, no background."
06,Boosters and special tiles,special_rocket_horizontal.png,"Create a premium mobile game overlay asset for a cozy magical forest match-3 puzzle game. Create a horizontal rocket booster pointing left-to-right, clearly communicating that it clears a horizontal row, using a handcrafted wooden-and-leaf rocket shape. Use the same handcrafted premium casual-game style as the rest of the game: soft painted textures, rounded shapes, matte finish, subtle shading, gentle highlights, cozy magical forest color harmony, polished mobile game quality, clean silhouette, and high readability at small size. The asset must sit on top of an existing tile, not include its own tile base. Orthographic top-down view, perfectly centered, no perspective, no rotation, grid-ready, readable at 64x64 pixels. Transparent PNG, no text, no background."
06,Boosters and special tiles,special_rocket_vertical.png,"Create a premium mobile game overlay asset for a cozy magical forest match-3 puzzle game. Create a vertical rocket booster pointing bottom-to-top, clearly communicating that it clears a vertical column, using a handcrafted wooden-and-leaf rocket shape. Use the same handcrafted premium casual-game style as the rest of the game: soft painted textures, rounded shapes, matte finish, subtle shading, gentle highlights, cozy magical forest color harmony, polished mobile game quality, clean silhouette, and high readability at small size. The asset must sit on top of an existing tile, not include its own tile base. Orthographic top-down view, perfectly centered, no perspective, no rotation, grid-ready, readable at 64x64 pixels. Transparent PNG, no text, no background."
06,Boosters and special tiles,special_line_clear_leaf.png,"Create a premium mobile game overlay asset for a cozy magical forest match-3 puzzle game. Create a line clear leaf special tile icon with enchanted leaf energy and a subtle horizontal/vertical beam cue, forest-themed and readable. Use the same handcrafted premium casual-game style as the rest of the game: soft painted textures, rounded shapes, matte finish, subtle shading, gentle highlights, cozy magical forest color harmony, polished mobile game quality, clean silhouette, and high readability at small size. The asset must sit on top of an existing tile, not include its own tile base. Orthographic top-down view, perfectly centered, no perspective, no rotation, grid-ready, readable at 64x64 pixels. Transparent PNG, no text, no background."
06,Boosters and special tiles,special_sun_burst_bomb.png,"Create a premium mobile game overlay asset for a cozy magical forest match-3 puzzle game. Create a sun burst bomb special tile shaped like a glowing golden seed-sun, communicating area clear in a cozy magical way. Use the same handcrafted premium casual-game style as the rest of the game: soft painted textures, rounded shapes, matte finish, subtle shading, gentle highlights, cozy magical forest color harmony, polished mobile game quality, clean silhouette, and high readability at small size. The asset must sit on top of an existing tile, not include its own tile base. Orthographic top-down view, perfectly centered, no perspective, no rotation, grid-ready, readable at 64x64 pixels. Transparent PNG, no text, no background."
06,Boosters and special tiles,special_flower_bloom_bomb.png,"Create a premium mobile game overlay asset for a cozy magical forest match-3 puzzle game. Create a flower bloom bomb special tile with rounded petals and gentle magical energy, communicating a soft area burst. Use the same handcrafted premium casual-game style as the rest of the game: soft painted textures, rounded shapes, matte finish, subtle shading, gentle highlights, cozy magical forest color harmony, polished mobile game quality, clean silhouette, and high readability at small size. The asset must sit on top of an existing tile, not include its own tile base. Orthographic top-down view, perfectly centered, no perspective, no rotation, grid-ready, readable at 64x64 pixels. Transparent PNG, no text, no background."
06,Boosters and special tiles,special_rainbow_gem_wild.png,"Create a premium mobile game overlay asset for a cozy magical forest match-3 puzzle game. Create a rainbow wild special tile with an enchanted rounded rainbow gem/orb, soft iridescent bands, and premium magical glow. Use the same handcrafted premium casual-game style as the rest of the game: soft painted textures, rounded shapes, matte finish, subtle shading, gentle highlights, cozy magical forest color harmony, polished mobile game quality, clean silhouette, and high readability at small size. The asset must sit on top of an existing tile, not include its own tile base. Orthographic top-down view, perfectly centered, no perspective, no rotation, grid-ready, readable at 64x64 pixels. Transparent PNG, no text, no background."
06,Boosters and special tiles,special_magic_seed.png,"Create a premium mobile game overlay asset for a cozy magical forest match-3 puzzle game. Create a magic seed special tile with a glowing seed pod, tiny leaves, green-gold sparkles, and clear magical power. Use the same handcrafted premium casual-game style as the rest of the game: soft painted textures, rounded shapes, matte finish, subtle shading, gentle highlights, cozy magical forest color harmony, polished mobile game quality, clean silhouette, and high readability at small size. The asset must sit on top of an existing tile, not include its own tile base. Orthographic top-down view, perfectly centered, no perspective, no rotation, grid-ready, readable at 64x64 pixels. Transparent PNG, no text, no background."
06,Boosters and special tiles,booster_hammer_icon.png,"Create a premium mobile game icon asset for a cozy magical forest match-3 puzzle game. Create a magical hammer booster with a rounded wooden handle, carved moss-stone hammer head, subtle golden accents, and tiny leaf details. Use the same handcrafted premium casual-game style as the rest of the game: soft painted textures, rounded shapes, matte finish, subtle shading, gentle highlights, cozy magical forest color harmony, polished mobile game quality, clean silhouette, and high readability at small size. Centered composition, readable at 64x64 pixels. It should communicate breaking one tile or blocker. Transparent PNG, no text, no background."
06,Boosters and special tiles,booster_magic_glove_icon.png,"Create a premium mobile game icon asset for a cozy magical forest match-3 puzzle game. Create a magical glove booster with warm cream fabric, subtle green leaf stitching, small golden sparkles, and soft enchanted feel. Use the same handcrafted premium casual-game style as the rest of the game: soft painted textures, rounded shapes, matte finish, subtle shading, gentle highlights, cozy magical forest color harmony, polished mobile game quality, clean silhouette, and high readability at small size. Centered composition, readable at 64x64 pixels. It should communicate moving or swapping a tile. Transparent PNG, no text, no background."
06,Boosters and special tiles,booster_paint_brush_icon.png,"Create a premium mobile game icon asset for a cozy magical forest match-3 puzzle game. Create a magical paint brush booster with wooden handle, glowing magical bristles, green-gold accents, and tiny leaf details. Use the same handcrafted premium casual-game style as the rest of the game: soft painted textures, rounded shapes, matte finish, subtle shading, gentle highlights, cozy magical forest color harmony, polished mobile game quality, clean silhouette, and high readability at small size. Centered composition, readable at 64x64 pixels. It should communicate recoloring or transforming a tile. Transparent PNG, no text, no background."
07,Tile VFX,effect_tile_match_pop.png,"Create a premium mobile game overlay asset for a cozy magical forest match-3 puzzle game. Create a tile match pop effect with soft green-gold sparkles, small rounded burst shapes, and satisfying premium motion feeling. Use the same handcrafted premium casual-game style as the rest of the game: soft painted textures, rounded shapes, matte finish, subtle shading, gentle highlights, cozy magical forest color harmony, polished mobile game quality, clean silhouette, and high readability at small size. The asset must sit on top of an existing tile, not include its own tile base. Orthographic top-down view, perfectly centered, no perspective, no rotation, grid-ready, readable at 64x64 pixels. Transparent PNG, no text, no background."
07,Tile VFX,effect_tile_disappear_sparkle.png,"Create a premium mobile game overlay asset for a cozy magical forest match-3 puzzle game. Create a tile disappear sparkle effect with tiny golden dust, soft leaves, and subtle magical fade. Use the same handcrafted premium casual-game style as the rest of the game: soft painted textures, rounded shapes, matte finish, subtle shading, gentle highlights, cozy magical forest color harmony, polished mobile game quality, clean silhouette, and high readability at small size. The asset must sit on top of an existing tile, not include its own tile base. Orthographic top-down view, perfectly centered, no perspective, no rotation, grid-ready, readable at 64x64 pixels. Transparent PNG, no text, no background."
07,Tile VFX,effect_tile_fall_shadow.png,"Create a premium mobile game overlay asset for a cozy magical forest match-3 puzzle game. Create a soft oval falling tile shadow for tile drop animations, subtle and low opacity. Use the same handcrafted premium casual-game style as the rest of the game: soft painted textures, rounded shapes, matte finish, subtle shading, gentle highlights, cozy magical forest color harmony, polished mobile game quality, clean silhouette, and high readability at small size. The asset must sit on top of an existing tile, not include its own tile base. Orthographic top-down view, perfectly centered, no perspective, no rotation, grid-ready, readable at 64x64 pixels. Transparent PNG, no text, no background."
07,Tile VFX,effect_tile_landing_bounce.png,"Create a premium mobile game overlay asset for a cozy magical forest match-3 puzzle game. Create a gentle landing bounce effect with soft dust, tiny leaves, and a small compression glow. Use the same handcrafted premium casual-game style as the rest of the game: soft painted textures, rounded shapes, matte finish, subtle shading, gentle highlights, cozy magical forest color harmony, polished mobile game quality, clean silhouette, and high readability at small size. The asset must sit on top of an existing tile, not include its own tile base. Orthographic top-down view, perfectly centered, no perspective, no rotation, grid-ready, readable at 64x64 pixels. Transparent PNG, no text, no background."
07,Tile VFX,effect_swap_trail.png,"Create a premium mobile game overlay asset for a cozy magical forest match-3 puzzle game. Create a soft swap trail effect for moving tiles, using gentle green-gold motion streaks and tiny leaf sparkles. Use the same handcrafted premium casual-game style as the rest of the game: soft painted textures, rounded shapes, matte finish, subtle shading, gentle highlights, cozy magical forest color harmony, polished mobile game quality, clean silhouette, and high readability at small size. The asset must sit on top of an existing tile, not include its own tile base. Orthographic top-down view, perfectly centered, no perspective, no rotation, grid-ready, readable at 64x64 pixels. Transparent PNG, no text, no background."
07,Tile VFX,effect_invalid_move_shake.png,"Create a premium mobile game overlay asset for a cozy magical forest match-3 puzzle game. Create a friendly invalid move shake effect with subtle warm warning wiggle marks and soft tiny particles. Use the same handcrafted premium casual-game style as the rest of the game: soft painted textures, rounded shapes, matte finish, subtle shading, gentle highlights, cozy magical forest color harmony, polished mobile game quality, clean silhouette, and high readability at small size. The asset must sit on top of an existing tile, not include its own tile base. Orthographic top-down view, perfectly centered, no perspective, no rotation, grid-ready, readable at 64x64 pixels. Transparent PNG, no text, no background."
07,Tile VFX,effect_combo_glow.png,"Create a premium mobile game overlay asset for a cozy magical forest match-3 puzzle game. Create a combo glow effect with layered golden-green soft light, tiny sparkles, and premium magical energy. Use the same handcrafted premium casual-game style as the rest of the game: soft painted textures, rounded shapes, matte finish, subtle shading, gentle highlights, cozy magical forest color harmony, polished mobile game quality, clean silhouette, and high readability at small size. The asset must sit on top of an existing tile, not include its own tile base. Orthographic top-down view, perfectly centered, no perspective, no rotation, grid-ready, readable at 64x64 pixels. Transparent PNG, no text, no background."
07,Tile VFX,effect_moss_clear_particles.png,"Create a premium mobile game overlay asset for a cozy magical forest match-3 puzzle game. Create moss clear particles with tiny green leaves, soft spores, golden specks, and cozy magical dissolve. Use the same handcrafted premium casual-game style as the rest of the game: soft painted textures, rounded shapes, matte finish, subtle shading, gentle highlights, cozy magical forest color harmony, polished mobile game quality, clean silhouette, and high readability at small size. The asset must sit on top of an existing tile, not include its own tile base. Orthographic top-down view, perfectly centered, no perspective, no rotation, grid-ready, readable at 64x64 pixels. Transparent PNG, no text, no background."
07,Tile VFX,effect_reward_sparkle_burst.png,"Create a premium mobile game overlay asset for a cozy magical forest match-3 puzzle game. Create a reward sparkle burst with warm golden sparkles, soft leaf confetti, and premium celebratory glow. Use the same handcrafted premium casual-game style as the rest of the game: soft painted textures, rounded shapes, matte finish, subtle shading, gentle highlights, cozy magical forest color harmony, polished mobile game quality, clean silhouette, and high readability at small size. The asset must sit on top of an existing tile, not include its own tile base. Orthographic top-down view, perfectly centered, no perspective, no rotation, grid-ready, readable at 64x64 pixels. Transparent PNG, no text, no background."
07,Tile VFX,effect_soft_leaf_particles.png,"Create a premium mobile game overlay asset for a cozy magical forest match-3 puzzle game. Create soft floating leaf particles in cozy forest colors, subtle and reusable for ambient UI or rewards. Use the same handcrafted premium casual-game style as the rest of the game: soft painted textures, rounded shapes, matte finish, subtle shading, gentle highlights, cozy magical forest color harmony, polished mobile game quality, clean silhouette, and high readability at small size. The asset must sit on top of an existing tile, not include its own tile base. Orthographic top-down view, perfectly centered, no perspective, no rotation, grid-ready, readable at 64x64 pixels. Transparent PNG, no text, no background."
08,HUD and top UI,ui_top_hud_panel.png,"Create a premium mobile game UI panel asset for a cozy magical forest match-3 puzzle game. Create a top HUD panel with soft moss-green carved wood/stone frame, warm parchment insets, subtle leaf details, and clean empty areas for level, goals, moves, and buttons. Use the same handcrafted premium casual-game style as the rest of the game: soft painted textures, rounded shapes, matte finish, subtle shading, gentle highlights, cozy magical forest color harmony, polished mobile game quality, clean silhouette, and high readability at small size. Leave layout areas empty for in-game text and icons to be added later. Transparent PNG, no text, no background."
08,HUD and top UI,ui_level_badge.png,"Create a premium mobile game icon asset for a cozy magical forest match-3 puzzle game. Create a rounded level badge with warm cream center, moss-green border, subtle golden trim, and premium forest UI polish. Use the same handcrafted premium casual-game style as the rest of the game: soft painted textures, rounded shapes, matte finish, subtle shading, gentle highlights, cozy magical forest color harmony, polished mobile game quality, clean silhouette, and high readability at small size. Centered composition, readable at 64x64 pixels. Transparent PNG, no text, no background."
08,HUD and top UI,ui_mode_label_badge.png,"Create a premium mobile game icon asset for a cozy magical forest match-3 puzzle game. Create a small mode label badge with warm parchment center, moss-green edge, and subtle leaf accent, designed for short mode text. Use the same handcrafted premium casual-game style as the rest of the game: soft painted textures, rounded shapes, matte finish, subtle shading, gentle highlights, cozy magical forest color harmony, polished mobile game quality, clean silhouette, and high readability at small size. Centered composition, readable at 64x64 pixels. Transparent PNG, no text, no background."
08,HUD and top UI,ui_goal_panel.png,"Create a premium mobile game UI panel asset for a cozy magical forest match-3 puzzle game. Create a compact goal panel with warm parchment surface, moss-green border, and space for one goal icon plus counter. Use the same handcrafted premium casual-game style as the rest of the game: soft painted textures, rounded shapes, matte finish, subtle shading, gentle highlights, cozy magical forest color harmony, polished mobile game quality, clean silhouette, and high readability at small size. Leave layout areas empty for in-game text and icons to be added later. Transparent PNG, no text, no background."
08,HUD and top UI,ui_goal_icon_slot.png,"Create a premium mobile game icon asset for a cozy magical forest match-3 puzzle game. Create a small rounded goal icon slot with soft inset shadow, warm cream center, and moss-green rim. Use the same handcrafted premium casual-game style as the rest of the game: soft painted textures, rounded shapes, matte finish, subtle shading, gentle highlights, cozy magical forest color harmony, polished mobile game quality, clean silhouette, and high readability at small size. Centered composition, readable at 64x64 pixels. Transparent PNG, no text, no background."
08,HUD and top UI,ui_goal_counter_badge.png,"Create a premium mobile game icon asset for a cozy magical forest match-3 puzzle game. Create a small rounded counter badge with warm cream fill, moss-green border, and subtle golden highlight, for objective numbers. Use the same handcrafted premium casual-game style as the rest of the game: soft painted textures, rounded shapes, matte finish, subtle shading, gentle highlights, cozy magical forest color harmony, polished mobile game quality, clean silhouette, and high readability at small size. Centered composition, readable at 64x64 pixels. Transparent PNG, no text, no background."
08,HUD and top UI,ui_moves_counter.png,"Create a premium mobile game UI panel asset for a cozy magical forest match-3 puzzle game. Create a moves counter badge/panel with warm cream center, moss-green rim, and clear empty area for a number. Use the same handcrafted premium casual-game style as the rest of the game: soft painted textures, rounded shapes, matte finish, subtle shading, gentle highlights, cozy magical forest color harmony, polished mobile game quality, clean silhouette, and high readability at small size. Leave layout areas empty for in-game text and icons to be added later. Transparent PNG, no text, no background."
08,HUD and top UI,ui_score_counter.png,"Create a premium mobile game UI panel asset for a cozy magical forest match-3 puzzle game. Create a score counter panel with warm parchment surface, subtle moss-green border, and premium small HUD readability. Use the same handcrafted premium casual-game style as the rest of the game: soft painted textures, rounded shapes, matte finish, subtle shading, gentle highlights, cozy magical forest color harmony, polished mobile game quality, clean silhouette, and high readability at small size. Leave layout areas empty for in-game text and icons to be added later. Transparent PNG, no text, no background."
08,HUD and top UI,ui_coin_counter.png,"Create a premium mobile game UI panel asset for a cozy magical forest match-3 puzzle game. Create a coin counter panel with warm parchment surface, soft golden accent, moss-green border, and empty area for currency count. Use the same handcrafted premium casual-game style as the rest of the game: soft painted textures, rounded shapes, matte finish, subtle shading, gentle highlights, cozy magical forest color harmony, polished mobile game quality, clean silhouette, and high readability at small size. Leave layout areas empty for in-game text and icons to be added later. Transparent PNG, no text, no background."
08,HUD and top UI,ui_pause_button.png,"Create a premium mobile game icon asset for a cozy magical forest match-3 puzzle game. Create a small circular pause button with moss-green frame, cream center, and simple pause icon. Use the same handcrafted premium casual-game style as the rest of the game: soft painted textures, rounded shapes, matte finish, subtle shading, gentle highlights, cozy magical forest color harmony, polished mobile game quality, clean silhouette, and high readability at small size. Centered composition, readable at 64x64 pixels. Transparent PNG, no text, no background."
08,HUD and top UI,ui_settings_button.png,"Create a premium mobile game icon asset for a cozy magical forest match-3 puzzle game. Create a small circular settings button with moss-green frame, cream center, and simple gear icon with soft rounded teeth. Use the same handcrafted premium casual-game style as the rest of the game: soft painted textures, rounded shapes, matte finish, subtle shading, gentle highlights, cozy magical forest color harmony, polished mobile game quality, clean silhouette, and high readability at small size. Centered composition, readable at 64x64 pixels. Transparent PNG, no text, no background."
08,HUD and top UI,ui_hud_progress_bar.png,"Create a premium mobile game UI panel asset for a cozy magical forest match-3 puzzle game. Create a horizontal HUD progress bar with rounded moss-green frame, warm fill area, soft inner shadow, and no numbers. Use the same handcrafted premium casual-game style as the rest of the game: soft painted textures, rounded shapes, matte finish, subtle shading, gentle highlights, cozy magical forest color harmony, polished mobile game quality, clean silhouette, and high readability at small size. Leave layout areas empty for in-game text and icons to be added later. Transparent PNG, no text, no background."
08,HUD and top UI,ui_hud_success_state.png,"Create a premium mobile game overlay asset for a cozy magical forest match-3 puzzle game. Create a subtle HUD success state glow with soft green-gold highlight, tiny sparkles, and leaf details. Use the same handcrafted premium casual-game style as the rest of the game: soft painted textures, rounded shapes, matte finish, subtle shading, gentle highlights, cozy magical forest color harmony, polished mobile game quality, clean silhouette, and high readability at small size. The asset must sit on top of an existing tile, not include its own tile base. Orthographic top-down view, perfectly centered, no perspective, no rotation, grid-ready, readable at 64x64 pixels. Transparent PNG, no text, no background."
08,HUD and top UI,ui_hud_warning_state.png,"Create a premium mobile game overlay asset for a cozy magical forest match-3 puzzle game. Create a subtle HUD warning state accent with warm amber glow and soft attention marks, friendly not alarming. Use the same handcrafted premium casual-game style as the rest of the game: soft painted textures, rounded shapes, matte finish, subtle shading, gentle highlights, cozy magical forest color harmony, polished mobile game quality, clean silhouette, and high readability at small size. The asset must sit on top of an existing tile, not include its own tile base. Orthographic top-down view, perfectly centered, no perspective, no rotation, grid-ready, readable at 64x64 pixels. Transparent PNG, no text, no background."
09,Popup panels,ui_booster_bar_panel.png,"Create a premium mobile game UI panel asset for a cozy magical forest match-3 puzzle game. Create a horizontal booster bar panel for the bottom gameplay screen with 3 to 5 empty circular booster slots, soft moss-stone/carved wood frame, and subtle inset shadows. Use the same handcrafted premium casual-game style as the rest of the game: soft painted textures, rounded shapes, matte finish, subtle shading, gentle highlights, cozy magical forest color harmony, polished mobile game quality, clean silhouette, and high readability at small size. Leave layout areas empty for in-game text and icons to be added later. Transparent PNG, no text, no background."
09,Popup panels,ui_pause_popup.png,"Create a premium mobile game UI panel asset for a cozy magical forest match-3 puzzle game. Create a pause menu popup frame with rounded cream parchment surface, moss-green carved border, and empty spaces for title and buttons. Use the same handcrafted premium casual-game style as the rest of the game: soft painted textures, rounded shapes, matte finish, subtle shading, gentle highlights, cozy magical forest color harmony, polished mobile game quality, clean silhouette, and high readability at small size. Leave layout areas empty for in-game text and icons to be added later. Transparent PNG, no text, no background."
09,Popup panels,ui_level_start_popup.png,"Create a premium mobile game UI panel asset for a cozy magical forest match-3 puzzle game. Create a level start popup frame with clear layout areas for title, objective row, booster slots, and one large start button area. Use the same handcrafted premium casual-game style as the rest of the game: soft painted textures, rounded shapes, matte finish, subtle shading, gentle highlights, cozy magical forest color harmony, polished mobile game quality, clean silhouette, and high readability at small size. Leave layout areas empty for in-game text and icons to be added later. Transparent PNG, no text, no background."
09,Popup panels,ui_level_complete_popup.png,"Create a premium mobile game UI panel asset for a cozy magical forest match-3 puzzle game. Create a level complete victory popup frame with warm celebration feel, empty areas for title, objective summary, rewards, and one large primary button. Use the same handcrafted premium casual-game style as the rest of the game: soft painted textures, rounded shapes, matte finish, subtle shading, gentle highlights, cozy magical forest color harmony, polished mobile game quality, clean silhouette, and high readability at small size. Leave layout areas empty for in-game text and icons to be added later. Transparent PNG, no text, no background."
09,Popup panels,ui_level_failed_popup.png,"Create a premium mobile game UI panel asset for a cozy magical forest match-3 puzzle game. Create a gentle level failed popup frame that feels encouraging, with areas for title, remaining objective, retry button, and secondary action. Use the same handcrafted premium casual-game style as the rest of the game: soft painted textures, rounded shapes, matte finish, subtle shading, gentle highlights, cozy magical forest color harmony, polished mobile game quality, clean silhouette, and high readability at small size. Leave layout areas empty for in-game text and icons to be added later. Transparent PNG, no text, no background."
09,Popup panels,ui_out_of_moves_popup.png,"Create a premium mobile game UI panel asset for a cozy magical forest match-3 puzzle game. Create an out-of-moves popup frame with friendly extra moves offer area and clear primary/secondary button spaces. Use the same handcrafted premium casual-game style as the rest of the game: soft painted textures, rounded shapes, matte finish, subtle shading, gentle highlights, cozy magical forest color harmony, polished mobile game quality, clean silhouette, and high readability at small size. Leave layout areas empty for in-game text and icons to be added later. Transparent PNG, no text, no background."
09,Popup panels,ui_reward_popup.png,"Create a premium mobile game UI panel asset for a cozy magical forest match-3 puzzle game. Create a warm reward popup panel with golden glow, leaf confetti, empty reward card slots, and claim button area. Use the same handcrafted premium casual-game style as the rest of the game: soft painted textures, rounded shapes, matte finish, subtle shading, gentle highlights, cozy magical forest color harmony, polished mobile game quality, clean silhouette, and high readability at small size. Leave layout areas empty for in-game text and icons to be added later. Transparent PNG, no text, no background."
09,Popup panels,ui_chest_open_popup.png,"Create a premium mobile game UI panel asset for a cozy magical forest match-3 puzzle game. Create an open chest reward popup frame with magical glow and empty spaces for rewards and button text. Use the same handcrafted premium casual-game style as the rest of the game: soft painted textures, rounded shapes, matte finish, subtle shading, gentle highlights, cozy magical forest color harmony, polished mobile game quality, clean silhouette, and high readability at small size. Leave layout areas empty for in-game text and icons to be added later. Transparent PNG, no text, no background."
09,Popup panels,ui_daily_reward_popup.png,"Create a premium mobile game UI panel asset for a cozy magical forest match-3 puzzle game. Create a daily reward popup frame with several empty daily reward card slots, highlighted current-day slot, and claim button area. Use the same handcrafted premium casual-game style as the rest of the game: soft painted textures, rounded shapes, matte finish, subtle shading, gentle highlights, cozy magical forest color harmony, polished mobile game quality, clean silhouette, and high readability at small size. Leave layout areas empty for in-game text and icons to be added later. Transparent PNG, no text, no background."
09,Popup panels,ui_friend_challenge_popup.png,"Create a premium mobile game UI panel asset for a cozy magical forest match-3 puzzle game. Create a friend challenge popup frame with empty spaces for two avatar circles, challenge info, and primary action button. Use the same handcrafted premium casual-game style as the rest of the game: soft painted textures, rounded shapes, matte finish, subtle shading, gentle highlights, cozy magical forest color harmony, polished mobile game quality, clean silhouette, and high readability at small size. Leave layout areas empty for in-game text and icons to be added later. Transparent PNG, no text, no background."
09,Popup panels,ui_challenge_result_popup.png,"Create a premium mobile game UI panel asset for a cozy magical forest match-3 puzzle game. Create a challenge result popup frame with areas for player avatars, scores, result message, rewards, and button area. Use the same handcrafted premium casual-game style as the rest of the game: soft painted textures, rounded shapes, matte finish, subtle shading, gentle highlights, cozy magical forest color harmony, polished mobile game quality, clean silhouette, and high readability at small size. Leave layout areas empty for in-game text and icons to be added later. Transparent PNG, no text, no background."
09,Popup panels,ui_wardrobe_popup.png,"Create a premium mobile game UI panel asset for a cozy magical forest match-3 puzzle game. Create a wardrobe popup frame for dressing up a companion bear, with one large character preview area and several empty outfit/item slots. Use the same handcrafted premium casual-game style as the rest of the game: soft painted textures, rounded shapes, matte finish, subtle shading, gentle highlights, cozy magical forest color harmony, polished mobile game quality, clean silhouette, and high readability at small size. Leave layout areas empty for in-game text and icons to be added later. Transparent PNG, no text, no background."
09,Popup panels,ui_event_popup.png,"Create a premium mobile game UI panel asset for a cozy magical forest match-3 puzzle game. Create a limited-time event popup frame with areas for event artwork, title, progress/reward cards, and one large call-to-action button. Use the same handcrafted premium casual-game style as the rest of the game: soft painted textures, rounded shapes, matte finish, subtle shading, gentle highlights, cozy magical forest color harmony, polished mobile game quality, clean silhouette, and high readability at small size. Leave layout areas empty for in-game text and icons to be added later. Transparent PNG, no text, no background."
10,Buttons,ui_button_primary.png,"Create a premium mobile game icon asset for a cozy magical forest match-3 puzzle game. Create a primary button background with soft rounded rectangle, deep moss-green fill, subtle golden rim light, gentle bevel, and soft inner highlight. Use the same handcrafted premium casual-game style as the rest of the game: soft painted textures, rounded shapes, matte finish, subtle shading, gentle highlights, cozy magical forest color harmony, polished mobile game quality, clean silhouette, and high readability at small size. Centered composition, readable at 64x64 pixels. Transparent PNG, no text, no background."
10,Buttons,ui_button_secondary.png,"Create a premium mobile game icon asset for a cozy magical forest match-3 puzzle game. Create a secondary button background with soft rounded rectangle, pale sage-green or warm parchment fill, subtle moss-green border, and gentle bevel. Use the same handcrafted premium casual-game style as the rest of the game: soft painted textures, rounded shapes, matte finish, subtle shading, gentle highlights, cozy magical forest color harmony, polished mobile game quality, clean silhouette, and high readability at small size. Centered composition, readable at 64x64 pixels. Transparent PNG, no text, no background."
10,Buttons,ui_button_disabled.png,"Create a premium mobile game icon asset for a cozy magical forest match-3 puzzle game. Create a disabled button background with muted desaturated sage-gray color, low contrast, subtle bevel, and inactive but polished feel. Use the same handcrafted premium casual-game style as the rest of the game: soft painted textures, rounded shapes, matte finish, subtle shading, gentle highlights, cozy magical forest color harmony, polished mobile game quality, clean silhouette, and high readability at small size. Centered composition, readable at 64x64 pixels. Transparent PNG, no text, no background."
10,Buttons,ui_button_close.png,"Create a premium mobile game icon asset for a cozy magical forest match-3 puzzle game. Create a small circular close button with moss-green/carved wood frame, warm cream center, and a simple clean X symbol made from leaf-like strokes. Use the same handcrafted premium casual-game style as the rest of the game: soft painted textures, rounded shapes, matte finish, subtle shading, gentle highlights, cozy magical forest color harmony, polished mobile game quality, clean silhouette, and high readability at small size. Centered composition, readable at 64x64 pixels. Transparent PNG, no text, no background."
10,Buttons,ui_button_play.png,"Create a premium mobile game icon asset for a cozy magical forest match-3 puzzle game. Create a rounded circular or pill-shaped play button with deep moss-green fill, soft golden rim, and cream-colored play triangle icon. Use the same handcrafted premium casual-game style as the rest of the game: soft painted textures, rounded shapes, matte finish, subtle shading, gentle highlights, cozy magical forest color harmony, polished mobile game quality, clean silhouette, and high readability at small size. Centered composition, readable at 64x64 pixels. Transparent PNG, no text, no background."
10,Buttons,ui_button_retry.png,"Create a premium mobile game icon asset for a cozy magical forest match-3 puzzle game. Create a rounded retry button with sage/moss-green fill, subtle golden edge, and simple circular retry arrow icon. Use the same handcrafted premium casual-game style as the rest of the game: soft painted textures, rounded shapes, matte finish, subtle shading, gentle highlights, cozy magical forest color harmony, polished mobile game quality, clean silhouette, and high readability at small size. Centered composition, readable at 64x64 pixels. Transparent PNG, no text, no background."
10,Buttons,ui_button_continue.png,"Create a premium mobile game icon asset for a cozy magical forest match-3 puzzle game. Create a rounded continue button with deep moss-green fill, golden rim light, and simple forward arrow or leaf-arrow icon. Use the same handcrafted premium casual-game style as the rest of the game: soft painted textures, rounded shapes, matte finish, subtle shading, gentle highlights, cozy magical forest color harmony, polished mobile game quality, clean silhouette, and high readability at small size. Centered composition, readable at 64x64 pixels. Transparent PNG, no text, no background."
10,Buttons,ui_button_challenge_friend.png,"Create a premium mobile game icon asset for a cozy magical forest match-3 puzzle game. Create a friendly rounded challenge friend button with moss-green fill, golden accent, and simple icon showing two friendly avatar circles or leaf characters. Use the same handcrafted premium casual-game style as the rest of the game: soft painted textures, rounded shapes, matte finish, subtle shading, gentle highlights, cozy magical forest color harmony, polished mobile game quality, clean silhouette, and high readability at small size. Centered composition, readable at 64x64 pixels. Transparent PNG, no text, no background."
10,Buttons,ui_button_claim.png,"Create a premium mobile game icon asset for a cozy magical forest match-3 puzzle game. Create a rewarding claim button with deep moss-green fill, golden rim light, sparkle accents, and small reward sparkle or basket icon. Use the same handcrafted premium casual-game style as the rest of the game: soft painted textures, rounded shapes, matte finish, subtle shading, gentle highlights, cozy magical forest color harmony, polished mobile game quality, clean silhouette, and high readability at small size. Centered composition, readable at 64x64 pixels. Transparent PNG, no text, no background."
10,Buttons,ui_button_equip.png,"Create a premium mobile game icon asset for a cozy magical forest match-3 puzzle game. Create a wardrobe equip button with moss-green fill, golden accent, and simple outfit or hanger icon. Use the same handcrafted premium casual-game style as the rest of the game: soft painted textures, rounded shapes, matte finish, subtle shading, gentle highlights, cozy magical forest color harmony, polished mobile game quality, clean silhouette, and high readability at small size. Centered composition, readable at 64x64 pixels. Transparent PNG, no text, no background."
10,Buttons,ui_button_buy.png,"Create a premium mobile game icon asset for a cozy magical forest match-3 puzzle game. Create a purchase button with deep moss-green fill, golden rim, and small coin or leaf-coin icon, friendly not aggressive. Use the same handcrafted premium casual-game style as the rest of the game: soft painted textures, rounded shapes, matte finish, subtle shading, gentle highlights, cozy magical forest color harmony, polished mobile game quality, clean silhouette, and high readability at small size. Centered composition, readable at 64x64 pixels. Transparent PNG, no text, no background."
10,Buttons,ui_button_rematch.png,"Create a premium mobile game icon asset for a cozy magical forest match-3 puzzle game. Create a rematch button with moss-green fill, golden edge, and simple two-arrow rematch loop icon. Use the same handcrafted premium casual-game style as the rest of the game: soft painted textures, rounded shapes, matte finish, subtle shading, gentle highlights, cozy magical forest color harmony, polished mobile game quality, clean silhouette, and high readability at small size. Centered composition, readable at 64x64 pixels. Transparent PNG, no text, no background."
11,Currency and reward icons,icon_coin.png,"Create a premium mobile game icon asset for a cozy magical forest match-3 puzzle game. Create a small golden coin icon with soft rounded shape, subtle leaf engraving, warm golden gradient, and valuable cozy feel. Use the same handcrafted premium casual-game style as the rest of the game: soft painted textures, rounded shapes, matte finish, subtle shading, gentle highlights, cozy magical forest color harmony, polished mobile game quality, clean silhouette, and high readability at small size. Centered composition, readable at 64x64 pixels. Transparent PNG, no text, no background."
11,Currency and reward icons,icon_star.png,"Create a premium mobile game icon asset for a cozy magical forest match-3 puzzle game. Create a soft golden star icon with rounded points, gentle magical glow, warm highlights, and rewarding premium feel. Use the same handcrafted premium casual-game style as the rest of the game: soft painted textures, rounded shapes, matte finish, subtle shading, gentle highlights, cozy magical forest color harmony, polished mobile game quality, clean silhouette, and high readability at small size. Centered composition, readable at 64x64 pixels. Transparent PNG, no text, no background."
11,Currency and reward icons,icon_trophy.png,"Create a premium mobile game icon asset for a cozy magical forest match-3 puzzle game. Create a small friendly trophy icon with warm golden metal, rounded soft shape, subtle leaf engraving, and victory feel. Use the same handcrafted premium casual-game style as the rest of the game: soft painted textures, rounded shapes, matte finish, subtle shading, gentle highlights, cozy magical forest color harmony, polished mobile game quality, clean silhouette, and high readability at small size. Centered composition, readable at 64x64 pixels. Transparent PNG, no text, no background."
11,Currency and reward icons,icon_honey_token.png,"Create a premium mobile game icon asset for a cozy magical forest match-3 puzzle game. Create a honey token icon shaped like a golden honey drop medallion with amber glow, rounded edges, and tiny leaf detail. Use the same handcrafted premium casual-game style as the rest of the game: soft painted textures, rounded shapes, matte finish, subtle shading, gentle highlights, cozy magical forest color harmony, polished mobile game quality, clean silhouette, and high readability at small size. Centered composition, readable at 64x64 pixels. Transparent PNG, no text, no background."
11,Currency and reward icons,icon_cosmetic_shard.png,"Create a premium mobile game icon asset for a cozy magical forest match-3 puzzle game. Create a cosmetic shard icon like a magical crystal fragment with pastel rainbow reflections, golden edge, and collectible feel. Use the same handcrafted premium casual-game style as the rest of the game: soft painted textures, rounded shapes, matte finish, subtle shading, gentle highlights, cozy magical forest color harmony, polished mobile game quality, clean silhouette, and high readability at small size. Centered composition, readable at 64x64 pixels. Transparent PNG, no text, no background."
11,Currency and reward icons,icon_booster_fragment.png,"Create a premium mobile game icon asset for a cozy magical forest match-3 puzzle game. Create a booster fragment icon shaped like an enchanted puzzle shard or glowing leaf-stone piece with green-gold magical color. Use the same handcrafted premium casual-game style as the rest of the game: soft painted textures, rounded shapes, matte finish, subtle shading, gentle highlights, cozy magical forest color harmony, polished mobile game quality, clean silhouette, and high readability at small size. Centered composition, readable at 64x64 pixels. Transparent PNG, no text, no background."
11,Currency and reward icons,icon_key.png,"Create a premium mobile game icon asset for a cozy magical forest match-3 puzzle game. Create a small magical key icon with warm golden metal, rounded friendly shape, leaf-shaped bow, and carved details. Use the same handcrafted premium casual-game style as the rest of the game: soft painted textures, rounded shapes, matte finish, subtle shading, gentle highlights, cozy magical forest color harmony, polished mobile game quality, clean silhouette, and high readability at small size. Centered composition, readable at 64x64 pixels. Transparent PNG, no text, no background."
11,Currency and reward icons,icon_heart_life.png,"Create a premium mobile game icon asset for a cozy magical forest match-3 puzzle game. Create a soft heart life icon with warm coral-red color, rounded friendly shape, subtle leaf highlight, and gentle glow. Use the same handcrafted premium casual-game style as the rest of the game: soft painted textures, rounded shapes, matte finish, subtle shading, gentle highlights, cozy magical forest color harmony, polished mobile game quality, clean silhouette, and high readability at small size. Centered composition, readable at 64x64 pixels. Transparent PNG, no text, no background."
12,Chests,chest_small_closed.png,"Create a premium mobile game icon asset for a cozy magical forest match-3 puzzle game. Create a small closed wooden reward chest with rounded carved wood panels, moss-green accents, subtle golden latch, and cozy collectible feel. Use the same handcrafted premium casual-game style as the rest of the game: soft painted textures, rounded shapes, matte finish, subtle shading, gentle highlights, cozy magical forest color harmony, polished mobile game quality, clean silhouette, and high readability at small size. Centered composition, readable at 64x64 pixels. Larger than a small icon but still centered and transparent. Transparent PNG, no text, no background."
12,Chests,chest_small_open.png,"Create a premium mobile game icon asset for a cozy magical forest match-3 puzzle game. Create a small open wooden reward chest matching the closed small chest, with warm magical glow spilling from inside and subtle sparkles. Use the same handcrafted premium casual-game style as the rest of the game: soft painted textures, rounded shapes, matte finish, subtle shading, gentle highlights, cozy magical forest color harmony, polished mobile game quality, clean silhouette, and high readability at small size. Centered composition, readable at 64x64 pixels. Larger than a small icon but still centered and transparent. Transparent PNG, no text, no background."
12,Chests,chest_star_closed.png,"Create a premium mobile game icon asset for a cozy magical forest match-3 puzzle game. Create a closed star reward chest with rounded carved wood panels, golden star emblem, moss-green accents, and soft golden trim. Use the same handcrafted premium casual-game style as the rest of the game: soft painted textures, rounded shapes, matte finish, subtle shading, gentle highlights, cozy magical forest color harmony, polished mobile game quality, clean silhouette, and high readability at small size. Centered composition, readable at 64x64 pixels. Larger than a small icon but still centered and transparent. Transparent PNG, no text, no background."
12,Chests,chest_star_open.png,"Create a premium mobile game icon asset for a cozy magical forest match-3 puzzle game. Create an open star reward chest matching the closed version, with golden star emblem, warm glow, and small star sparkles. Use the same handcrafted premium casual-game style as the rest of the game: soft painted textures, rounded shapes, matte finish, subtle shading, gentle highlights, cozy magical forest color harmony, polished mobile game quality, clean silhouette, and high readability at small size. Centered composition, readable at 64x64 pixels. Larger than a small icon but still centered and transparent. Transparent PNG, no text, no background."
12,Chests,chest_friend_closed.png,"Create a premium mobile game icon asset for a cozy magical forest match-3 puzzle game. Create a closed friend challenge chest with rounded carved wood, moss-green accents, two small friendly leaf/avatar symbols, and golden latch. Use the same handcrafted premium casual-game style as the rest of the game: soft painted textures, rounded shapes, matte finish, subtle shading, gentle highlights, cozy magical forest color harmony, polished mobile game quality, clean silhouette, and high readability at small size. Centered composition, readable at 64x64 pixels. Larger than a small icon but still centered and transparent. Transparent PNG, no text, no background."
12,Chests,chest_friend_open.png,"Create a premium mobile game icon asset for a cozy magical forest match-3 puzzle game. Create an open friend challenge chest matching the closed version, with warm glow from inside and soft social-friendly sparkles. Use the same handcrafted premium casual-game style as the rest of the game: soft painted textures, rounded shapes, matte finish, subtle shading, gentle highlights, cozy magical forest color harmony, polished mobile game quality, clean silhouette, and high readability at small size. Centered composition, readable at 64x64 pixels. Larger than a small icon but still centered and transparent. Transparent PNG, no text, no background."
12,Chests,chest_event_closed.png,"Create a premium mobile game icon asset for a cozy magical forest match-3 puzzle game. Create a closed limited-time event chest with carved wood, moss-green trim, festive leaf decorations, and purple-gold magical accents. Use the same handcrafted premium casual-game style as the rest of the game: soft painted textures, rounded shapes, matte finish, subtle shading, gentle highlights, cozy magical forest color harmony, polished mobile game quality, clean silhouette, and high readability at small size. Centered composition, readable at 64x64 pixels. Larger than a small icon but still centered and transparent. Transparent PNG, no text, no background."
12,Chests,chest_event_open.png,"Create a premium mobile game icon asset for a cozy magical forest match-3 puzzle game. Create an open limited-time event chest matching the closed version, with purple-gold accents, bright warm glow, and sparkles. Use the same handcrafted premium casual-game style as the rest of the game: soft painted textures, rounded shapes, matte finish, subtle shading, gentle highlights, cozy magical forest color harmony, polished mobile game quality, clean silhouette, and high readability at small size. Centered composition, readable at 64x64 pixels. Larger than a small icon but still centered and transparent. Transparent PNG, no text, no background."
12,Chests,chest_rare_closed.png,"Create a premium mobile game icon asset for a cozy magical forest match-3 puzzle game. Create a closed rare reward chest with polished carved wood, deep moss-green panels, elegant golden trim, and magical crystal accents. Use the same handcrafted premium casual-game style as the rest of the game: soft painted textures, rounded shapes, matte finish, subtle shading, gentle highlights, cozy magical forest color harmony, polished mobile game quality, clean silhouette, and high readability at small size. Centered composition, readable at 64x64 pixels. Larger than a small icon but still centered and transparent. Transparent PNG, no text, no background."
12,Chests,chest_rare_open.png,"Create a premium mobile game icon asset for a cozy magical forest match-3 puzzle game. Create an open rare reward chest matching the closed version, with strong warm glow, crystal accents, and soft sparkles. Use the same handcrafted premium casual-game style as the rest of the game: soft painted textures, rounded shapes, matte finish, subtle shading, gentle highlights, cozy magical forest color harmony, polished mobile game quality, clean silhouette, and high readability at small size. Centered composition, readable at 64x64 pixels. Larger than a small icon but still centered and transparent. Transparent PNG, no text, no background."
13,Friend challenge UI,challenge_invite_panel.png,"Create a premium mobile game UI panel asset for a cozy magical forest match-3 puzzle game. Create a friend challenge invite panel with rounded cream parchment surface, moss-green carved border, golden accents, avatar spaces, challenge detail area, and action button zones. Use the same handcrafted premium casual-game style as the rest of the game: soft painted textures, rounded shapes, matte finish, subtle shading, gentle highlights, cozy magical forest color harmony, polished mobile game quality, clean silhouette, and high readability at small size. Leave layout areas empty for in-game text and icons to be added later. Transparent PNG, no text, no background."
13,Friend challenge UI,challenge_result_panel.png,"Create a premium mobile game UI panel asset for a cozy magical forest match-3 puzzle game. Create a friend challenge result panel with rounded parchment surface, moss-green border, celebratory leaf details, avatar spaces, score areas, rewards, and action button area. Use the same handcrafted premium casual-game style as the rest of the game: soft painted textures, rounded shapes, matte finish, subtle shading, gentle highlights, cozy magical forest color harmony, polished mobile game quality, clean silhouette, and high readability at small size. Leave layout areas empty for in-game text and icons to be added later. Transparent PNG, no text, no background."
13,Friend challenge UI,challenge_leaderboard_panel.png,"Create a premium mobile game UI panel asset for a cozy magical forest match-3 puzzle game. Create a friend challenge leaderboard panel with rounded parchment surface, moss-green border, golden accents, and a clean vertical layout for empty leaderboard rows. Use the same handcrafted premium casual-game style as the rest of the game: soft painted textures, rounded shapes, matte finish, subtle shading, gentle highlights, cozy magical forest color harmony, polished mobile game quality, clean silhouette, and high readability at small size. Leave layout areas empty for in-game text and icons to be added later. Transparent PNG, no text, no background."
13,Friend challenge UI,challenge_timer_badge.png,"Create a premium mobile game icon asset for a cozy magical forest match-3 puzzle game. Create a small rounded timer badge with cream center, moss-green border, golden accent, and tiny clock or leaf-clock icon. Use the same handcrafted premium casual-game style as the rest of the game: soft painted textures, rounded shapes, matte finish, subtle shading, gentle highlights, cozy magical forest color harmony, polished mobile game quality, clean silhouette, and high readability at small size. Centered composition, readable at 64x64 pixels. Transparent PNG, no text, no background."
13,Friend challenge UI,challenge_same_seed_badge.png,"Create a premium mobile game icon asset for a cozy magical forest match-3 puzzle game. Create a small same-seed fair challenge badge with cream center, moss-green border, golden accent, and two matching seed symbols or twin leaves. Use the same handcrafted premium casual-game style as the rest of the game: soft painted textures, rounded shapes, matte finish, subtle shading, gentle highlights, cozy magical forest color harmony, polished mobile game quality, clean silhouette, and high readability at small size. Centered composition, readable at 64x64 pixels. Transparent PNG, no text, no background."
13,Friend challenge UI,challenge_fair_mode_badge.png,"Create a premium mobile game icon asset for a cozy magical forest match-3 puzzle game. Create a small fair mode badge with cream center, moss-green border, golden accent, and balanced scale or shield-leaf icon. Use the same handcrafted premium casual-game style as the rest of the game: soft painted textures, rounded shapes, matte finish, subtle shading, gentle highlights, cozy magical forest color harmony, polished mobile game quality, clean silhouette, and high readability at small size. Centered composition, readable at 64x64 pixels. Transparent PNG, no text, no background."
13,Friend challenge UI,challenge_win_banner.png,"Create a premium mobile game icon asset for a cozy magical forest match-3 puzzle game. Create a friendly win banner with soft curved ribbon shape, deep moss-green fill, golden trim, leaf confetti, and gentle sparkles. Use the same handcrafted premium casual-game style as the rest of the game: soft painted textures, rounded shapes, matte finish, subtle shading, gentle highlights, cozy magical forest color harmony, polished mobile game quality, clean silhouette, and high readability at small size. Centered composition, readable at 64x64 pixels. Transparent PNG, no text, no background."
13,Friend challenge UI,challenge_lose_banner.png,"Create a premium mobile game icon asset for a cozy magical forest match-3 puzzle game. Create a gentle lose banner with soft curved ribbon shape, muted sage-green fill, warm cream trim, and subtle wilted leaf detail. Use the same handcrafted premium casual-game style as the rest of the game: soft painted textures, rounded shapes, matte finish, subtle shading, gentle highlights, cozy magical forest color harmony, polished mobile game quality, clean silhouette, and high readability at small size. Centered composition, readable at 64x64 pixels. Transparent PNG, no text, no background."
13,Friend challenge UI,challenge_draw_banner.png,"Create a premium mobile game icon asset for a cozy magical forest match-3 puzzle game. Create a draw result banner with soft curved ribbon shape, warm cream and sage-green colors, golden trim, and balanced twin-leaf decoration. Use the same handcrafted premium casual-game style as the rest of the game: soft painted textures, rounded shapes, matte finish, subtle shading, gentle highlights, cozy magical forest color harmony, polished mobile game quality, clean silhouette, and high readability at small size. Centered composition, readable at 64x64 pixels. Transparent PNG, no text, no background."
13,Friend challenge UI,challenge_new_record_banner.png,"Create a premium mobile game icon asset for a cozy magical forest match-3 puzzle game. Create a new record celebration banner with rich moss-green ribbon, golden trim, star and leaf sparkles, and magical glow. Use the same handcrafted premium casual-game style as the rest of the game: soft painted textures, rounded shapes, matte finish, subtle shading, gentle highlights, cozy magical forest color harmony, polished mobile game quality, clean silhouette, and high readability at small size. Centered composition, readable at 64x64 pixels. Transparent PNG, no text, no background."
14,Leaderboard and avatar frames,leaderboard_row_normal.png,"Create a premium mobile game icon asset for a cozy magical forest match-3 puzzle game. Create a normal leaderboard row background with rounded rectangle, warm cream parchment fill, moss-green edge, and empty areas for rank, avatar, name, and score. Use the same handcrafted premium casual-game style as the rest of the game: soft painted textures, rounded shapes, matte finish, subtle shading, gentle highlights, cozy magical forest color harmony, polished mobile game quality, clean silhouette, and high readability at small size. Centered composition, readable at 64x64 pixels. Transparent PNG, no text, no background."
14,Leaderboard and avatar frames,leaderboard_row_self.png,"Create a premium mobile game icon asset for a cozy magical forest match-3 puzzle game. Create a highlighted self-player leaderboard row with warm cream center, moss-green border, subtle golden glow, and empty areas for rank, avatar, name, and score. Use the same handcrafted premium casual-game style as the rest of the game: soft painted textures, rounded shapes, matte finish, subtle shading, gentle highlights, cozy magical forest color harmony, polished mobile game quality, clean silhouette, and high readability at small size. Centered composition, readable at 64x64 pixels. Transparent PNG, no text, no background."
14,Leaderboard and avatar frames,leaderboard_row_friend.png,"Create a premium mobile game icon asset for a cozy magical forest match-3 puzzle game. Create a friend leaderboard row with pale sage-green/warm parchment fill, friendly leaf accent, moss-green border, and empty areas for rank, avatar, name, and score. Use the same handcrafted premium casual-game style as the rest of the game: soft painted textures, rounded shapes, matte finish, subtle shading, gentle highlights, cozy magical forest color harmony, polished mobile game quality, clean silhouette, and high readability at small size. Centered composition, readable at 64x64 pixels. Transparent PNG, no text, no background."
14,Leaderboard and avatar frames,leaderboard_rank_badge_1.png,"Create a premium mobile game icon asset for a cozy magical forest match-3 puzzle game. Create a first-place rank badge with rounded golden medallion shape, leaf engraving, premium glow, and tiny crown-like leaf detail, no number. Use the same handcrafted premium casual-game style as the rest of the game: soft painted textures, rounded shapes, matte finish, subtle shading, gentle highlights, cozy magical forest color harmony, polished mobile game quality, clean silhouette, and high readability at small size. Centered composition, readable at 64x64 pixels. Transparent PNG, no text, no background."
14,Leaderboard and avatar frames,leaderboard_rank_badge_2.png,"Create a premium mobile game icon asset for a cozy magical forest match-3 puzzle game. Create a second-place rank badge with rounded silver-sage medallion shape, leaf engraving, cool highlights, no number. Use the same handcrafted premium casual-game style as the rest of the game: soft painted textures, rounded shapes, matte finish, subtle shading, gentle highlights, cozy magical forest color harmony, polished mobile game quality, clean silhouette, and high readability at small size. Centered composition, readable at 64x64 pixels. Transparent PNG, no text, no background."
14,Leaderboard and avatar frames,leaderboard_rank_badge_3.png,"Create a premium mobile game icon asset for a cozy magical forest match-3 puzzle game. Create a third-place rank badge with rounded warm bronze medallion shape, leaf engraving, amber highlights, no number. Use the same handcrafted premium casual-game style as the rest of the game: soft painted textures, rounded shapes, matte finish, subtle shading, gentle highlights, cozy magical forest color harmony, polished mobile game quality, clean silhouette, and high readability at small size. Centered composition, readable at 64x64 pixels. Transparent PNG, no text, no background."
14,Leaderboard and avatar frames,avatar_frame_common.png,"Create a premium mobile game icon asset for a cozy magical forest match-3 puzzle game. Create a common avatar frame with rounded circular shape, warm cream inner rim, moss-green outer edge, small leaf details, and friendly simple feel. Use the same handcrafted premium casual-game style as the rest of the game: soft painted textures, rounded shapes, matte finish, subtle shading, gentle highlights, cozy magical forest color harmony, polished mobile game quality, clean silhouette, and high readability at small size. Centered composition, readable at 64x64 pixels. Transparent PNG, no text, no background."
14,Leaderboard and avatar frames,avatar_frame_rare.png,"Create a premium mobile game icon asset for a cozy magical forest match-3 puzzle game. Create a rare avatar frame with rounded circular shape, carved moss-green border, golden accents, sparkle details, and tiny leaf ornaments. Use the same handcrafted premium casual-game style as the rest of the game: soft painted textures, rounded shapes, matte finish, subtle shading, gentle highlights, cozy magical forest color harmony, polished mobile game quality, clean silhouette, and high readability at small size. Centered composition, readable at 64x64 pixels. Transparent PNG, no text, no background."
14,Leaderboard and avatar frames,avatar_frame_event.png,"Create a premium mobile game icon asset for a cozy magical forest match-3 puzzle game. Create a limited-time event avatar frame with circular moss-green forest border, festive leaf decorations, honey-gold and purple accents, and soft glow. Use the same handcrafted premium casual-game style as the rest of the game: soft painted textures, rounded shapes, matte finish, subtle shading, gentle highlights, cozy magical forest color harmony, polished mobile game quality, clean silhouette, and high readability at small size. Centered composition, readable at 64x64 pixels. Transparent PNG, no text, no background."
14,Leaderboard and avatar frames,avatar_frame_champion.png,"Create a premium mobile game icon asset for a cozy magical forest match-3 puzzle game. Create a champion avatar frame with circular deep moss-green border, premium golden trim, crown-like leaf ornaments, trophy-inspired details, and soft glow. Use the same handcrafted premium casual-game style as the rest of the game: soft painted textures, rounded shapes, matte finish, subtle shading, gentle highlights, cozy magical forest color harmony, polished mobile game quality, clean silhouette, and high readability at small size. Centered composition, readable at 64x64 pixels. Transparent PNG, no text, no background."
15,Honey Harvest event kit,event_honey_harvest_logo.png,"Create a premium mobile game icon asset for a cozy magical forest match-3 puzzle game. Create a Honey Harvest event logo/emblem without readable text, using honey drop emblem, bee-wing shapes, golden honey glow, tiny leaves, rounded handcrafted shapes. Use the same handcrafted premium casual-game style as the rest of the game: soft painted textures, rounded shapes, matte finish, subtle shading, gentle highlights, cozy magical forest color harmony, polished mobile game quality, clean silhouette, and high readability at small size. Centered composition, readable at 64x64 pixels. Transparent PNG, no text, no background."
15,Honey Harvest event kit,event_honey_harvest_background.png,"Create a premium mobile game event background asset for a cozy magical forest match-3 puzzle game. Create a Honey Harvest background showing a warm magical forest clearing with honey-colored sunlight, soft flowers, leaves, bee-inspired details, glowing honey jars/drops, and mossy stones. Use the same handcrafted premium casual-game style as the rest of the game: soft painted textures, rounded shapes, matte finish, subtle shading, gentle highlights, cozy magical forest color harmony, polished mobile game quality, clean silhouette, and high readability at small size. Soft painted texture, calm composition, high-quality mobile game background. No text, no UI, no characters unless specified."
15,Honey Harvest event kit,event_honey_harvest_button.png,"Create a premium mobile game icon asset for a cozy magical forest match-3 puzzle game. Create a Honey Harvest themed button background with rounded rectangle, honey-gold fill, moss-green border, honey drip detail, and tiny leaf accents. Use the same handcrafted premium casual-game style as the rest of the game: soft painted textures, rounded shapes, matte finish, subtle shading, gentle highlights, cozy magical forest color harmony, polished mobile game quality, clean silhouette, and high readability at small size. Centered composition, readable at 64x64 pixels. Transparent PNG, no text, no background."
15,Honey Harvest event kit,event_honey_progress_bar.png,"Create a premium mobile game UI panel asset for a cozy magical forest match-3 puzzle game. Create a Honey Harvest themed progress bar with rounded moss-green outer frame, warm honey-gold fill area, subtle honey drip accents, and tiny leaves. Use the same handcrafted premium casual-game style as the rest of the game: soft painted textures, rounded shapes, matte finish, subtle shading, gentle highlights, cozy magical forest color harmony, polished mobile game quality, clean silhouette, and high readability at small size. Leave layout areas empty for in-game text and icons to be added later. Leave it empty enough for fill amount to be controlled in-game. Transparent PNG, no text, no background."
15,Honey Harvest event kit,event_honey_reward_track.png,"Create a premium mobile game UI panel asset for a cozy magical forest match-3 puzzle game. Create a Honey Harvest themed reward track panel with horizontal path, warm parchment surface, moss-green border, honey-gold accents, empty reward node slots, tiny leaves, and honey drops. Use the same handcrafted premium casual-game style as the rest of the game: soft painted textures, rounded shapes, matte finish, subtle shading, gentle highlights, cozy magical forest color harmony, polished mobile game quality, clean silhouette, and high readability at small size. Leave layout areas empty for in-game text and icons to be added later. Transparent PNG, no text, no background."
15,Honey Harvest event kit,event_honey_chest_closed.png,"Create a premium mobile game icon asset for a cozy magical forest match-3 puzzle game. Create a closed Honey Harvest chest with rounded carved wood, honey-gold trim, moss-green accents, honey drop emblem, and subtle bee-wing details. Use the same handcrafted premium casual-game style as the rest of the game: soft painted textures, rounded shapes, matte finish, subtle shading, gentle highlights, cozy magical forest color harmony, polished mobile game quality, clean silhouette, and high readability at small size. Centered composition, readable at 64x64 pixels. Transparent PNG, no text, no background."
15,Honey Harvest event kit,event_honey_chest_open.png,"Create a premium mobile game icon asset for a cozy magical forest match-3 puzzle game. Create an open Honey Harvest chest matching the closed version, with honey-gold trim, honey drop emblem, warm amber glow, and soft sparkles. Use the same handcrafted premium casual-game style as the rest of the game: soft painted textures, rounded shapes, matte finish, subtle shading, gentle highlights, cozy magical forest color harmony, polished mobile game quality, clean silhouette, and high readability at small size. Centered composition, readable at 64x64 pixels. Transparent PNG, no text, no background."
15,Honey Harvest event kit,event_honey_board_frame.png,"Create a premium mobile game UI panel asset for a cozy magical forest match-3 puzzle game. Create a Honey Harvest themed board frame designed to surround a match-3 grid, with moss-green carved edges, honey-gold accents, honey drips, leaves, and soft flowers. Use the same handcrafted premium casual-game style as the rest of the game: soft painted textures, rounded shapes, matte finish, subtle shading, gentle highlights, cozy magical forest color harmony, polished mobile game quality, clean silhouette, and high readability at small size. Leave layout areas empty for in-game text and icons to be added later. The center should remain empty for gameplay grid. Transparent PNG, no text, no background."
15,Honey Harvest event kit,event_honey_token_large.png,"Create a premium mobile game icon asset for a cozy magical forest match-3 puzzle game. Create a large Honey Harvest token icon shaped like a golden honey drop medallion with amber glow, leaf engraving, and subtle bee-wing detail. Use the same handcrafted premium casual-game style as the rest of the game: soft painted textures, rounded shapes, matte finish, subtle shading, gentle highlights, cozy magical forest color harmony, polished mobile game quality, clean silhouette, and high readability at small size. Centered composition, readable at 64x64 pixels. Transparent PNG, no text, no background."
16,Goal icons,goal_icon_red_berry.png,"Create a premium mobile game icon asset for a cozy magical forest match-3 puzzle game. Create a red berry goal icon with rounded juicy berries and tiny green leaves. Use the same handcrafted premium casual-game style as the rest of the game: soft painted textures, rounded shapes, matte finish, subtle shading, gentle highlights, cozy magical forest color harmony, polished mobile game quality, clean silhouette, and high readability at small size. Centered composition, readable at 64x64 pixels. Transparent PNG, no text, no background."
16,Goal icons,goal_icon_blueberry.png,"Create a premium mobile game icon asset for a cozy magical forest match-3 puzzle game. Create a blueberry goal icon with round blue-purple berries and tiny leaf detail. Use the same handcrafted premium casual-game style as the rest of the game: soft painted textures, rounded shapes, matte finish, subtle shading, gentle highlights, cozy magical forest color harmony, polished mobile game quality, clean silhouette, and high readability at small size. Centered composition, readable at 64x64 pixels. Transparent PNG, no text, no background."
16,Goal icons,goal_icon_leaf.png,"Create a premium mobile game icon asset for a cozy magical forest match-3 puzzle game. Create a soft green leaf goal icon with rounded shape, subtle veins, sage and emerald tones. Use the same handcrafted premium casual-game style as the rest of the game: soft painted textures, rounded shapes, matte finish, subtle shading, gentle highlights, cozy magical forest color harmony, polished mobile game quality, clean silhouette, and high readability at small size. Centered composition, readable at 64x64 pixels. Transparent PNG, no text, no background."
16,Goal icons,goal_icon_flower.png,"Create a premium mobile game icon asset for a cozy magical forest match-3 puzzle game. Create a soft pink flower goal icon with rounded petals, coral-pink color, and small yellow center. Use the same handcrafted premium casual-game style as the rest of the game: soft painted textures, rounded shapes, matte finish, subtle shading, gentle highlights, cozy magical forest color harmony, polished mobile game quality, clean silhouette, and high readability at small size. Centered composition, readable at 64x64 pixels. Transparent PNG, no text, no background."
16,Goal icons,goal_icon_daisy.png,"Create a premium mobile game icon asset for a cozy magical forest match-3 puzzle game. Create a small daisy goal icon with white rounded petals and warm yellow center. Use the same handcrafted premium casual-game style as the rest of the game: soft painted textures, rounded shapes, matte finish, subtle shading, gentle highlights, cozy magical forest color harmony, polished mobile game quality, clean silhouette, and high readability at small size. Centered composition, readable at 64x64 pixels. Transparent PNG, no text, no background."
16,Goal icons,goal_icon_mushroom.png,"Create a premium mobile game icon asset for a cozy magical forest match-3 puzzle game. Create a cute mushroom goal icon with rounded red or tan cap, cream stem, and tiny moss/leaf accent. Use the same handcrafted premium casual-game style as the rest of the game: soft painted textures, rounded shapes, matte finish, subtle shading, gentle highlights, cozy magical forest color harmony, polished mobile game quality, clean silhouette, and high readability at small size. Centered composition, readable at 64x64 pixels. Transparent PNG, no text, no background."
16,Goal icons,goal_icon_acorn.png,"Create a premium mobile game icon asset for a cozy magical forest match-3 puzzle game. Create a small acorn goal icon with warm brown shell, rounded cap texture, and tiny leaf detail. Use the same handcrafted premium casual-game style as the rest of the game: soft painted textures, rounded shapes, matte finish, subtle shading, gentle highlights, cozy magical forest color harmony, polished mobile game quality, clean silhouette, and high readability at small size. Centered composition, readable at 64x64 pixels. Transparent PNG, no text, no background."
16,Goal icons,goal_icon_basket.png,"Create a premium mobile game icon asset for a cozy magical forest match-3 puzzle game. Create a woven basket goal icon with warm straw tones, rounded handcrafted shape, and subtle woven texture. Use the same handcrafted premium casual-game style as the rest of the game: soft painted textures, rounded shapes, matte finish, subtle shading, gentle highlights, cozy magical forest color harmony, polished mobile game quality, clean silhouette, and high readability at small size. Centered composition, readable at 64x64 pixels. Transparent PNG, no text, no background."
16,Goal icons,goal_icon_honey_pot.png,"Create a premium mobile game icon asset for a cozy magical forest match-3 puzzle game. Create a honey pot goal icon with rounded warm ceramic body, golden honey at the rim, and tiny honey drip. Use the same handcrafted premium casual-game style as the rest of the game: soft painted textures, rounded shapes, matte finish, subtle shading, gentle highlights, cozy magical forest color harmony, polished mobile game quality, clean silhouette, and high readability at small size. Centered composition, readable at 64x64 pixels. Transparent PNG, no text, no background."
16,Goal icons,goal_icon_moss.png,"Create a premium mobile game icon asset for a cozy magical forest match-3 puzzle game. Create a moss patch goal icon with lush green tones, bumpy surface, tiny leaf details, and rounded organic silhouette. Use the same handcrafted premium casual-game style as the rest of the game: soft painted textures, rounded shapes, matte finish, subtle shading, gentle highlights, cozy magical forest color harmony, polished mobile game quality, clean silhouette, and high readability at small size. Centered composition, readable at 64x64 pixels. Transparent PNG, no text, no background."
16,Goal icons,goal_icon_covered_moss.png,"Create a premium mobile game icon asset for a cozy magical forest match-3 puzzle game. Create a covered moss goal icon showing moss partially hidden under a soft tile-like or leafy cover. Use the same handcrafted premium casual-game style as the rest of the game: soft painted textures, rounded shapes, matte finish, subtle shading, gentle highlights, cozy magical forest color harmony, polished mobile game quality, clean silhouette, and high readability at small size. Centered composition, readable at 64x64 pixels. Transparent PNG, no text, no background."
16,Goal icons,goal_icon_ice.png,"Create a premium mobile game icon asset for a cozy magical forest match-3 puzzle game. Create a magical ice goal icon with translucent pale blue-white ice, frosty edges, and subtle cracks. Use the same handcrafted premium casual-game style as the rest of the game: soft painted textures, rounded shapes, matte finish, subtle shading, gentle highlights, cozy magical forest color harmony, polished mobile game quality, clean silhouette, and high readability at small size. Centered composition, readable at 64x64 pixels. Transparent PNG, no text, no background."
16,Goal icons,goal_icon_vine.png,"Create a premium mobile game icon asset for a cozy magical forest match-3 puzzle game. Create a vine goal icon with soft green vines crossing in a readable pattern and tiny leaves. Use the same handcrafted premium casual-game style as the rest of the game: soft painted textures, rounded shapes, matte finish, subtle shading, gentle highlights, cozy magical forest color harmony, polished mobile game quality, clean silhouette, and high readability at small size. Centered composition, readable at 64x64 pixels. Transparent PNG, no text, no background."
16,Goal icons,goal_icon_pebble.png,"Create a premium mobile game icon asset for a cozy magical forest match-3 puzzle game. Create a pebble/stone goal icon with rounded gray-beige forest stones and subtle moss accents. Use the same handcrafted premium casual-game style as the rest of the game: soft painted textures, rounded shapes, matte finish, subtle shading, gentle highlights, cozy magical forest color harmony, polished mobile game quality, clean silhouette, and high readability at small size. Centered composition, readable at 64x64 pixels. Transparent PNG, no text, no background."
16,Goal icons,goal_icon_bomb.png,"Create a premium mobile game icon asset for a cozy magical forest match-3 puzzle game. Create a magical forest bomb goal icon using a round seed-pod or flower-bloom bomb shape with moss-green/golden accents. Use the same handcrafted premium casual-game style as the rest of the game: soft painted textures, rounded shapes, matte finish, subtle shading, gentle highlights, cozy magical forest color harmony, polished mobile game quality, clean silhouette, and high readability at small size. Centered composition, readable at 64x64 pixels. Transparent PNG, no text, no background."
16,Goal icons,goal_icon_rocket.png,"Create a premium mobile game icon asset for a cozy magical forest match-3 puzzle game. Create a magical forest rocket goal icon based on a handcrafted wooden-and-leaf rocket booster with sparkle trail. Use the same handcrafted premium casual-game style as the rest of the game: soft painted textures, rounded shapes, matte finish, subtle shading, gentle highlights, cozy magical forest color harmony, polished mobile game quality, clean silhouette, and high readability at small size. Centered composition, readable at 64x64 pixels. Transparent PNG, no text, no background."
16,Goal icons,goal_icon_rainbow_orb.png,"Create a premium mobile game icon asset for a cozy magical forest match-3 puzzle game. Create a magical rainbow orb goal icon with muted iridescent colors, internal color bands, and soft glow. Use the same handcrafted premium casual-game style as the rest of the game: soft painted textures, rounded shapes, matte finish, subtle shading, gentle highlights, cozy magical forest color harmony, polished mobile game quality, clean silhouette, and high readability at small size. Centered composition, readable at 64x64 pixels. Transparent PNG, no text, no background."
17,Tutorial graphics,tutorial_hand_pointer.png,"Create a premium mobile game icon asset for a cozy magical forest match-3 puzzle game. Create a friendly tutorial hand pointer icon with cream-colored hand, moss-green cuff or leaf accent, and clear tap/drag readability. Use the same handcrafted premium casual-game style as the rest of the game: soft painted textures, rounded shapes, matte finish, subtle shading, gentle highlights, cozy magical forest color harmony, polished mobile game quality, clean silhouette, and high readability at small size. Centered composition, readable at 64x64 pixels. Transparent PNG, no text, no background."
17,Tutorial graphics,tutorial_swipe_arrow_horizontal.png,"Create a premium mobile game icon asset for a cozy magical forest match-3 puzzle game. Create a horizontal swipe arrow showing left-right movement, with rounded arrow shape, moss-green and golden accents, and leaf details. Use the same handcrafted premium casual-game style as the rest of the game: soft painted textures, rounded shapes, matte finish, subtle shading, gentle highlights, cozy magical forest color harmony, polished mobile game quality, clean silhouette, and high readability at small size. Centered composition, readable at 64x64 pixels. Transparent PNG, no text, no background."
17,Tutorial graphics,tutorial_swipe_arrow_vertical.png,"Create a premium mobile game icon asset for a cozy magical forest match-3 puzzle game. Create a vertical swipe arrow showing up-down movement, with rounded arrow shape, moss-green and golden accents, and leaf details. Use the same handcrafted premium casual-game style as the rest of the game: soft painted textures, rounded shapes, matte finish, subtle shading, gentle highlights, cozy magical forest color harmony, polished mobile game quality, clean silhouette, and high readability at small size. Centered composition, readable at 64x64 pixels. Transparent PNG, no text, no background."
17,Tutorial graphics,tutorial_tap_indicator.png,"Create a premium mobile game icon asset for a cozy magical forest match-3 puzzle game. Create a tap indicator with soft glowing circular ripple, golden center highlight, and subtle leaf-sparkle particles. Use the same handcrafted premium casual-game style as the rest of the game: soft painted textures, rounded shapes, matte finish, subtle shading, gentle highlights, cozy magical forest color harmony, polished mobile game quality, clean silhouette, and high readability at small size. Centered composition, readable at 64x64 pixels. Transparent PNG, no text, no background."
17,Tutorial graphics,tutorial_highlight_ring.png,"Create a premium mobile game icon asset for a cozy magical forest match-3 puzzle game. Create a tutorial highlight ring with rounded square/circular shape, warm golden glow, tiny leaf sparkles, and subtle moss-green edge. Use the same handcrafted premium casual-game style as the rest of the game: soft painted textures, rounded shapes, matte finish, subtle shading, gentle highlights, cozy magical forest color harmony, polished mobile game quality, clean silhouette, and high readability at small size. Centered composition, readable at 64x64 pixels. Transparent PNG, no text, no background."
17,Tutorial graphics,tutorial_speech_bubble.png,"Create a premium mobile game icon asset for a cozy magical forest match-3 puzzle game. Create a rounded tutorial speech bubble with warm cream parchment fill, moss-green border, leaf ornament, and empty inside for tutorial text. Use the same handcrafted premium casual-game style as the rest of the game: soft painted textures, rounded shapes, matte finish, subtle shading, gentle highlights, cozy magical forest color harmony, polished mobile game quality, clean silhouette, and high readability at small size. Centered composition, readable at 64x64 pixels. Transparent PNG, no text, no background."
