"asset_id","file_name","source_path","target_path","category","status","notes"
"asset_0066","blocker_stone_cracked_01.png","BUX2\renamed_matched_assets\blocker_stone_cracked_01.png","Assets\BUX\_Review\Duplicates\blocker_stone_cracked_01.png","Review/Duplicates","copied","Stone blocker variant preserved as duplicate; blocker_pebble_* is canonical"
"asset_0067","blocker_stone_cracked_02.png","BUX2\renamed_matched_assets\blocker_stone_cracked_02.png","Assets\BUX\_Review\Duplicates\blocker_stone_cracked_02.png","Review/Duplicates","copied","Stone blocker variant preserved as duplicate; blocker_pebble_* is canonical"
"asset_0068","blocker_stone_full.png","BUX2\renamed_matched_assets\blocker_stone_full.png","Assets\BUX\_Review\Duplicates\blocker_stone_full.png","Review/Duplicates","copied","Stone blocker variant preserved as duplicate; blocker_pebble_* is canonical"
"asset_0119","bear_head_tile.png","BUX2\renamed_unsorted3_assets\bear_head_tile.png","Assets\BUX\_Review\Duplicates\BUX2__renamed_unsorted3_assets\bear_head_tile.png","Review/Duplicates","copied","Duplicate source preserved. Canonical target: Assets\BUX\Art\Tiles\Core\bear_head_tile.png"
"asset_0017","Cbear1.png","BUX2\renamed_unsorted3_assets\Cbear1.png","Assets\BUX\_Review\Duplicates\BUX2__renamed_unsorted3_assets\Cbear1.png","Review/Duplicates","copied","Duplicate source preserved. Canonical target: Assets\BUX\Art\Companion\Bear\Base\Cbear1.png"
"asset_0089","companion_bear_base.png","BUX2\renamed_unsorted3_assets\companion_bear_base.png","Assets\BUX\_Review\Duplicates\BUX2__renamed_unsorted3_assets\companion_bear_base.png","Review/Duplicates","copied","Duplicate source preserved. Canonical target: Assets\BUX\Art\Companion\Bear\Base\companion_bear_base.png"
"asset_0009","BOARD.zip","BUX2\BOARD.zip","Assets\BUX\_Review\Unsorted\BOARD.zip","Review/Unsorted","copied","Non-art package artifact preserved for review"
"asset_0012","BUX_Puzzle_Full_Production_Spec_Aegis_Enhanced.zip","BUX2\BUX_Puzzle_Full_Production_Spec_Aegis_Enhanced.zip","Assets\BUX\_Review\Unsorted\BUX_Puzzle_Full_Production_Spec_Aegis_Enhanced.zip","Review/Unsorted","copied","Non-art package artifact preserved for review"
"asset_0013","BUX_Puzzle_Full_Production_Spec_Filled.zip","BUX2\BUX_Puzzle_Full_Production_Spec_Filled.zip","Assets\BUX\_Review\Unsorted\BUX_Puzzle_Full_Production_Spec_Filled.zip","Review/Unsorted","copied","Non-art package artifact preserved for review"
"asset_0259","Gemini_Generated_Image_ (1).png","BUX2\sound\unsorted6\Gemini_Generated_Image_ (1).png","Assets\BUX\_Review\Unsorted\Gemini_Generated_Image_ (1).png","Review/Unsorted","copied","Generated/contact-sheet/unclear PNG preserved for review"
"asset_0307","Gemini_Generated_Image_ (1).png","BUX2\unsorted\Gemini_Generated_Image_ (1).png","Assets\BUX\_Review\Unsorted\Gemini_Generated_Image_ (1)__conflict_1.png","Review/Unsorted","conflict_copied_unique","Generated/contact-sheet/unclear PNG preserved for review"
"asset_0354","Gemini_Generated_Image_ (1).png","BUX2\unsorted\unsorted ny\Gemini_Generated_Image_ (1).png","Assets\BUX\_Review\Unsorted\Gemini_Generated_Image_ (1)__conflict_2.png","Review/Unsorted","conflict_copied_unique","Generated/contact-sheet/unclear PNG preserved for review"
"asset_0375","Gemini_Generated_Image_ (1).png","BUX2\unsorted3\Gemini_Generated_Image_ (1).png","Assets\BUX\_Review\Unsorted\Gemini_Generated_Image_ (1)__conflict_3.png","Review/Unsorted","conflict_copied_unique","Generated/contact-sheet/unclear PNG preserved for review"
"asset_0424","Gemini_Generated_Image_ (1).png","BUX2\unsorted4\Gemini_Generated_Image_ (1).png","Assets\BUX\_Review\Unsorted\Gemini_Generated_Image_ (1)__conflict_4.png","Review/Unsorted","conflict_copied_unique","Generated/contact-sheet/unclear PNG preserved for review"
"asset_0439","Gemini_Generated_Image_ (1).png","BUX2\unsorted4\unsorted5\Gemini_Generated_Image_ (1).png","Assets\BUX\_Review\Unsorted\Gemini_Generated_Image_ (1)__conflict_5.png","Review/Unsorted","conflict_copied_unique","Generated/contact-sheet/unclear PNG preserved for review"
"asset_0260","Gemini_Generated_Image_ (10).png","BUX2\sound\unsorted6\Gemini_Generated_Image_ (10).png","Assets\BUX\_Review\Unsorted\Gemini_Generated_Image_ (10).png","Review/Unsorted","copied","Generated/contact-sheet/unclear PNG preserved for review"
"asset_0308","Gemini_Generated_Image_ (10).png","BUX2\unsorted\Gemini_Generated_Image_ (10).png","Assets\BUX\_Review\Unsorted\Gemini_Generated_Image_ (10)__conflict_1.png","Review/Unsorted","conflict_copied_unique","Generated/contact-sheet/unclear PNG preserved for review"
"asset_0355","Gemini_Generated_Image_ (10).png","BUX2\unsorted\unsorted ny\Gemini_Generated_Image_ (10).png","Assets\BUX\_Review\Unsorted\Gemini_Generated_Image_ (10)__conflict_2.png","Review/Unsorted","conflict_copied_unique","Generated/contact-sheet/unclear PNG preserved for review"
"asset_0376","Gemini_Generated_Image_ (10).png","BUX2\unsorted3\Gemini_Generated_Image_ (10).png","Assets\BUX\_Review\Unsorted\Gemini_Generated_Image_ (10)__conflict_3.png","Review/Unsorted","conflict_copied_unique","Generated/contact-sheet/unclear PNG preserved for review"
"asset_0425","Gemini_Generated_Image_ (10).png","BUX2\unsorted4\Gemini_Generated_Image_ (10).png","Assets\BUX\_Review\Unsorted\Gemini_Generated_Image_ (10)__conflict_4.png","Review/Unsorted","conflict_copied_unique","Generated/contact-sheet/unclear PNG preserved for review"
"asset_0440","Gemini_Generated_Image_ (10).png","BUX2\unsorted4\unsorted5\Gemini_Generated_Image_ (10).png","Assets\BUX\_Review\Unsorted\Gemini_Generated_Image_ (10)__conflict_5.png","Review/Unsorted","conflict_copied_unique","Generated/contact-sheet/unclear PNG preserved for review"
"asset_0261","Gemini_Generated_Image_ (11).png","BUX2\sound\unsorted6\Gemini_Generated_Image_ (11).png","Assets\BUX\_Review\Unsorted\Gemini_Generated_Image_ (11).png","Review/Unsorted","copied","Generated/contact-sheet/unclear PNG preserved for review"
"asset_0309","Gemini_Generated_Image_ (11).png","BUX2\unsorted\Gemini_Generated_Image_ (11).png","Assets\BUX\_Review\Unsorted\Gemini_Generated_Image_ (11)__conflict_1.png","Review/Unsorted","conflict_copied_unique","Generated/contact-sheet/unclear PNG preserved for review"
"asset_0356","Gemini_Generated_Image_ (11).png","BUX2\unsorted\unsorted ny\Gemini_Generated_Image_ (11).png","Assets\BUX\_Review\Unsorted\Gemini_Generated_Image_ (11)__conflict_2.png","Review/Unsorted","conflict_copied_unique","Generated/contact-sheet/unclear PNG preserved for review"
"asset_0377","Gemini_Generated_Image_ (11).png","BUX2\unsorted3\Gemini_Generated_Image_ (11).png","Assets\BUX\_Review\Unsorted\Gemini_Generated_Image_ (11)__conflict_3.png","Review/Unsorted","conflict_copied_unique","Generated/contact-sheet/unclear PNG preserved for review"
"asset_0426","Gemini_Generated_Image_ (11).png","BUX2\unsorted4\Gemini_Generated_Image_ (11).png","Assets\BUX\_Review\Unsorted\Gemini_Generated_Image_ (11)__conflict_4.png","Review/Unsorted","conflict_copied_unique","Generated/contact-sheet/unclear PNG preserved for review"
"asset_0441","Gemini_Generated_Image_ (11).png","BUX2\unsorted4\unsorted5\Gemini_Generated_Image_ (11).png","Assets\BUX\_Review\Unsorted\Gemini_Generated_Image_ (11)__conflict_5.png","Review/Unsorted","conflict_copied_unique","Generated/contact-sheet/unclear PNG preserved for review"
"asset_0262","Gemini_Generated_Image_ (12).png","BUX2\sound\unsorted6\Gemini_Generated_Image_ (12).png","Assets\BUX\_Review\Unsorted\Gemini_Generated_Image_ (12).png","Review/Unsorted","copied","Generated/contact-sheet/unclear PNG preserved for review"
"asset_0310","Gemini_Generated_Image_ (12).png","BUX2\unsorted\Gemini_Generated_Image_ (12).png","Assets\BUX\_Review\Unsorted\Gemini_Generated_Image_ (12)__conflict_1.png","Review/Unsorted","conflict_copied_unique","Generated/contact-sheet/unclear PNG preserved for review"
"asset_0357","Gemini_Generated_Image_ (12).png","BUX2\unsorted\unsorted ny\Gemini_Generated_Image_ (12).png","Assets\BUX\_Review\Unsorted\Gemini_Generated_Image_ (12)__conflict_2.png","Review/Unsorted","conflict_copied_unique","Generated/contact-sheet/unclear PNG preserved for review"
"asset_0378","Gemini_Generated_Image_ (12).png","BUX2\unsorted3\Gemini_Generated_Image_ (12).png","Assets\BUX\_Review\Unsorted\Gemini_Generated_Image_ (12)__conflict_3.png","Review/Unsorted","conflict_copied_unique","Generated/contact-sheet/unclear PNG preserved for review"
"asset_0427","Gemini_Generated_Image_ (12).png","BUX2\unsorted4\Gemini_Generated_Image_ (12).png","Assets\BUX\_Review\Unsorted\Gemini_Generated_Image_ (12)__conflict_4.png","Review/Unsorted","conflict_copied_unique","Generated/contact-sheet/unclear PNG preserved for review"
"asset_0442","Gemini_Generated_Image_ (12).png","BUX2\unsorted4\unsorted5\Gemini_Generated_Image_ (12).png","Assets\BUX\_Review\Unsorted\Gemini_Generated_Image_ (12)__conflict_5.png","Review/Unsorted","conflict_copied_unique","Generated/contact-sheet/unclear PNG preserved for review"
"asset_0263","Gemini_Generated_Image_ (13).png","BUX2\sound\unsorted6\Gemini_Generated_Image_ (13).png","Assets\BUX\_Review\Unsorted\Gemini_Generated_Image_ (13).png","Review/Unsorted","copied","Generated/contact-sheet/unclear PNG preserved for review"
"asset_0311","Gemini_Generated_Image_ (13).png","BUX2\unsorted\Gemini_Generated_Image_ (13).png","Assets\BUX\_Review\Unsorted\Gemini_Generated_Image_ (13)__conflict_1.png","Review/Unsorted","conflict_copied_unique","Generated/contact-sheet/unclear PNG preserved for review"
"asset_0358","Gemini_Generated_Image_ (13).png","BUX2\unsorted\unsorted ny\Gemini_Generated_Image_ (13).png","Assets\BUX\_Review\Unsorted\Gemini_Generated_Image_ (13)__conflict_2.png","Review/Unsorted","conflict_copied_unique","Generated/contact-sheet/unclear PNG preserved for review"
"asset_0379","Gemini_Generated_Image_ (13).png","BUX2\unsorted3\Gemini_Generated_Image_ (13).png","Assets\BUX\_Review\Unsorted\Gemini_Generated_Image_ (13)__conflict_3.png","Review/Unsorted","conflict_copied_unique","Generated/contact-sheet/unclear PNG preserved for review"
"asset_0428","Gemini_Generated_Image_ (13).png","BUX2\unsorted4\Gemini_Generated_Image_ (13).png","Assets\BUX\_Review\Unsorted\Gemini_Generated_Image_ (13)__conflict_4.png","Review/Unsorted","conflict_copied_unique","Generated/contact-sheet/unclear PNG preserved for review"
"asset_0443","Gemini_Generated_Image_ (13).png","BUX2\unsorted4\unsorted5\Gemini_Generated_Image_ (13).png","Assets\BUX\_Review\Unsorted\Gemini_Generated_Image_ (13)__conflict_5.png","Review/Unsorted","conflict_copied_unique","Generated/contact-sheet/unclear PNG preserved for review"
"asset_0264","Gemini_Generated_Image_ (14).png","BUX2\sound\unsorted6\Gemini_Generated_Image_ (14).png","Assets\BUX\_Review\Unsorted\Gemini_Generated_Image_ (14).png","Review/Unsorted","copied","Generated/contact-sheet/unclear PNG preserved for review"
"asset_0312","Gemini_Generated_Image_ (14).png","BUX2\unsorted\Gemini_Generated_Image_ (14).png","Assets\BUX\_Review\Unsorted\Gemini_Generated_Image_ (14)__conflict_1.png","Review/Unsorted","conflict_copied_unique","Generated/contact-sheet/unclear PNG preserved for review"
"asset_0359","Gemini_Generated_Image_ (14).png","BUX2\unsorted\unsorted ny\Gemini_Generated_Image_ (14).png","Assets\BUX\_Review\Unsorted\Gemini_Generated_Image_ (14)__conflict_2.png","Review/Unsorted","conflict_copied_unique","Generated/contact-sheet/unclear PNG preserved for review"
"asset_0380","Gemini_Generated_Image_ (14).png","BUX2\unsorted3\Gemini_Generated_Image_ (14).png","Assets\BUX\_Review\Unsorted\Gemini_Generated_Image_ (14)__conflict_3.png","Review/Unsorted","conflict_copied_unique","Generated/contact-sheet/unclear PNG preserved for review"
"asset_0429","Gemini_Generated_Image_ (14).png","BUX2\unsorted4\Gemini_Generated_Image_ (14).png","Assets\BUX\_Review\Unsorted\Gemini_Generated_Image_ (14)__conflict_4.png","Review/Unsorted","conflict_copied_unique","Generated/contact-sheet/unclear PNG preserved for review"
"asset_0444","Gemini_Generated_Image_ (14).png","BUX2\unsorted4\unsorted5\Gemini_Generated_Image_ (14).png","Assets\BUX\_Review\Unsorted\Gemini_Generated_Image_ (14)__conflict_5.png","Review/Unsorted","conflict_copied_unique","Generated/contact-sheet/unclear PNG preserved for review"
"asset_0265","Gemini_Generated_Image_ (15).png","BUX2\sound\unsorted6\Gemini_Generated_Image_ (15).png","Assets\BUX\_Review\Unsorted\Gemini_Generated_Image_ (15).png","Review/Unsorted","copied","Generated/contact-sheet/unclear PNG preserved for review"
"asset_0313","Gemini_Generated_Image_ (15).png","BUX2\unsorted\Gemini_Generated_Image_ (15).png","Assets\BUX\_Review\Unsorted\Gemini_Generated_Image_ (15)__conflict_1.png","Review/Unsorted","conflict_copied_unique","Generated/contact-sheet/unclear PNG preserved for review"
"asset_0360","Gemini_Generated_Image_ (15).png","BUX2\unsorted\unsorted ny\Gemini_Generated_Image_ (15).png","Assets\BUX\_Review\Unsorted\Gemini_Generated_Image_ (15)__conflict_2.png","Review/Unsorted","conflict_copied_unique","Generated/contact-sheet/unclear PNG preserved for review"
"asset_0381","Gemini_Generated_Image_ (15).png","BUX2\unsorted3\Gemini_Generated_Image_ (15).png","Assets\BUX\_Review\Unsorted\Gemini_Generated_Image_ (15)__conflict_3.png","Review/Unsorted","conflict_copied_unique","Generated/contact-sheet/unclear PNG preserved for review"
"asset_0445","Gemini_Generated_Image_ (15).png","BUX2\unsorted4\unsorted5\Gemini_Generated_Image_ (15).png","Assets\BUX\_Review\Unsorted\Gemini_Generated_Image_ (15)__conflict_4.png","Review/Unsorted","conflict_copied_unique","Generated/contact-sheet/unclear PNG preserved for review"
"asset_0266","Gemini_Generated_Image_ (16).png","BUX2\sound\unsorted6\Gemini_Generated_Image_ (16).png","Assets\BUX\_Review\Unsorted\Gemini_Generated_Image_ (16).png","Review/Unsorted","copied","Generated/contact-sheet/unclear PNG preserved for review"
"asset_0314","Gemini_Generated_Image_ (16).png","BUX2\unsorted\Gemini_Generated_Image_ (16).png","Assets\BUX\_Review\Unsorted\Gemini_Generated_Image_ (16)__conflict_1.png","Review/Unsorted","conflict_copied_unique","Generated/contact-sheet/unclear PNG preserved for review"
"asset_0361","Gemini_Generated_Image_ (16).png","BUX2\unsorted\unsorted ny\Gemini_Generated_Image_ (16).png","Assets\BUX\_Review\Unsorted\Gemini_Generated_Image_ (16)__conflict_2.png","Review/Unsorted","conflict_copied_unique","Generated/contact-sheet/unclear PNG preserved for review"
"asset_0382","Gemini_Generated_Image_ (16).png","BUX2\unsorted3\Gemini_Generated_Image_ (16).png","Assets\BUX\_Review\Unsorted\Gemini_Generated_Image_ (16)__conflict_3.png","Review/Unsorted","conflict_copied_unique","Generated/contact-sheet/unclear PNG preserved for review"
"asset_0446","Gemini_Generated_Image_ (16).png","BUX2\unsorted4\unsorted5\Gemini_Generated_Image_ (16).png","Assets\BUX\_Review\Unsorted\Gemini_Generated_Image_ (16)__conflict_4.png","Review/Unsorted","conflict_copied_unique","Generated/contact-sheet/unclear PNG preserved for review"
"asset_0267","Gemini_Generated_Image_ (17).png","BUX2\sound\unsorted6\Gemini_Generated_Image_ (17).png","Assets\BUX\_Review\Unsorted\Gemini_Generated_Image_ (17).png","Review/Unsorted","copied","Generated/contact-sheet/unclear PNG preserved for review"
"asset_0315","Gemini_Generated_Image_ (17).png","BUX2\unsorted\Gemini_Generated_Image_ (17).png","Assets\BUX\_Review\Unsorted\Gemini_Generated_Image_ (17)__conflict_1.png","Review/Unsorted","conflict_copied_unique","Generated/contact-sheet/unclear PNG preserved for review"
"asset_0362","Gemini_Generated_Image_ (17).png","BUX2\unsorted\unsorted ny\Gemini_Generated_Image_ (17).png","Assets\BUX\_Review\Unsorted\Gemini_Generated_Image_ (17)__conflict_2.png","Review/Unsorted","conflict_copied_unique","Generated/contact-sheet/unclear PNG preserved for review"
"asset_0383","Gemini_Generated_Image_ (17).png","BUX2\unsorted3\Gemini_Generated_Image_ (17).png","Assets\BUX\_Review\Unsorted\Gemini_Generated_Image_ (17)__conflict_3.png","Review/Unsorted","conflict_copied_unique","Generated/contact-sheet/unclear PNG preserved for review"
"asset_0447","Gemini_Generated_Image_ (17).png","BUX2\unsorted4\unsorted5\Gemini_Generated_Image_ (17).png","Assets\BUX\_Review\Unsorted\Gemini_Generated_Image_ (17)__conflict_4.png","Review/Unsorted","conflict_copied_unique","Generated/contact-sheet/unclear PNG preserved for review"
"asset_0268","Gemini_Generated_Image_ (18).png","BUX2\sound\unsorted6\Gemini_Generated_Image_ (18).png","Assets\BUX\_Review\Unsorted\Gemini_Generated_Image_ (18).png","Review/Unsorted","copied","Generated/contact-sheet/unclear PNG preserved for review"
"asset_0316","Gemini_Generated_Image_ (18).png","BUX2\unsorted\Gemini_Generated_Image_ (18).png","Assets\BUX\_Review\Unsorted\Gemini_Generated_Image_ (18)__conflict_1.png","Review/Unsorted","conflict_copied_unique","Generated/contact-sheet/unclear PNG preserved for review"
"asset_0363","Gemini_Generated_Image_ (18).png","BUX2\unsorted\unsorted ny\Gemini_Generated_Image_ (18).png","Assets\BUX\_Review\Unsorted\Gemini_Generated_Image_ (18)__conflict_2.png","Review/Unsorted","conflict_copied_unique","Generated/contact-sheet/unclear PNG preserved for review"
"asset_0384","Gemini_Generated_Image_ (18).png","BUX2\unsorted3\Gemini_Generated_Image_ (18).png","Assets\BUX\_Review\Unsorted\Gemini_Generated_Image_ (18)__conflict_3.png","Review/Unsorted","conflict_copied_unique","Generated/contact-sheet/unclear PNG preserved for review"
"asset_0448","Gemini_Generated_Image_ (18).png","BUX2\unsorted4\unsorted5\Gemini_Generated_Image_ (18).png","Assets\BUX\_Review\Unsorted\Gemini_Generated_Image_ (18)__conflict_4.png","Review/Unsorted","conflict_copied_unique","Generated/contact-sheet/unclear PNG preserved for review"
"asset_0269","Gemini_Generated_Image_ (19).png","BUX2\sound\unsorted6\Gemini_Generated_Image_ (19).png","Assets\BUX\_Review\Unsorted\Gemini_Generated_Image_ (19).png","Review/Unsorted","copied","Generated/contact-sheet/unclear PNG preserved for review"
"asset_0317","Gemini_Generated_Image_ (19).png","BUX2\unsorted\Gemini_Generated_Image_ (19).png","Assets\BUX\_Review\Unsorted\Gemini_Generated_Image_ (19)__conflict_1.png","Review/Unsorted","conflict_copied_unique","Generated/contact-sheet/unclear PNG preserved for review"
"asset_0364","Gemini_Generated_Image_ (19).png","BUX2\unsorted\unsorted ny\Gemini_Generated_Image_ (19).png","Assets\BUX\_Review\Unsorted\Gemini_Generated_Image_ (19)__conflict_2.png","Review/Unsorted","conflict_copied_unique","Generated/contact-sheet/unclear PNG preserved for review"
"asset_0385","Gemini_Generated_Image_ (19).png","BUX2\unsorted3\Gemini_Generated_Image_ (19).png","Assets\BUX\_Review\Unsorted\Gemini_Generated_Image_ (19)__conflict_3.png","Review/Unsorted","conflict_copied_unique","Generated/contact-sheet/unclear PNG preserved for review"
"asset_0449","Gemini_Generated_Image_ (19).png","BUX2\unsorted4\unsorted5\Gemini_Generated_Image_ (19).png","Assets\BUX\_Review\Unsorted\Gemini_Generated_Image_ (19)__conflict_4.png","Review/Unsorted","conflict_copied_unique","Generated/contact-sheet/unclear PNG preserved for review"
"asset_0270","Gemini_Generated_Image_ (2).png","BUX2\sound\unsorted6\Gemini_Generated_Image_ (2).png","Assets\BUX\_Review\Unsorted\Gemini_Generated_Image_ (2).png","Review/Unsorted","copied","Generated/contact-sheet/unclear PNG preserved for review"
"asset_0318","Gemini_Generated_Image_ (2).png","BUX2\unsorted\Gemini_Generated_Image_ (2).png","Assets\BUX\_Review\Unsorted\Gemini_Generated_Image_ (2)__conflict_1.png","Review/Unsorted","conflict_copied_unique","Generated/contact-sheet/unclear PNG preserved for review"
"asset_0365","Gemini_Generated_Image_ (2).png","BUX2\unsorted\unsorted ny\Gemini_Generated_Image_ (2).png","Assets\BUX\_Review\Unsorted\Gemini_Generated_Image_ (2)__conflict_2.png","Review/Unsorted","conflict_copied_unique","Generated/contact-sheet/unclear PNG preserved for review"
"asset_0386","Gemini_Generated_Image_ (2).png","BUX2\unsorted3\Gemini_Generated_Image_ (2).png","Assets\BUX\_Review\Unsorted\Gemini_Generated_Image_ (2)__conflict_3.png","Review/Unsorted","conflict_copied_unique","Generated/contact-sheet/unclear PNG preserved for review"
"asset_0430","Gemini_Generated_Image_ (2).png","BUX2\unsorted4\Gemini_Generated_Image_ (2).png","Assets\BUX\_Review\Unsorted\Gemini_Generated_Image_ (2)__conflict_4.png","Review/Unsorted","conflict_copied_unique","Generated/contact-sheet/unclear PNG preserved for review"
"asset_0450","Gemini_Generated_Image_ (2).png","BUX2\unsorted4\unsorted5\Gemini_Generated_Image_ (2).png","Assets\BUX\_Review\Unsorted\Gemini_Generated_Image_ (2)__conflict_5.png","Review/Unsorted","conflict_copied_unique","Generated/contact-sheet/unclear PNG preserved for review"
"asset_0271","Gemini_Generated_Image_ (20).png","BUX2\sound\unsorted6\Gemini_Generated_Image_ (20).png","Assets\BUX\_Review\Unsorted\Gemini_Generated_Image_ (20).png","Review/Unsorted","copied","Generated/contact-sheet/unclear PNG preserved for review"
"asset_0319","Gemini_Generated_Image_ (20).png","BUX2\unsorted\Gemini_Generated_Image_ (20).png","Assets\BUX\_Review\Unsorted\Gemini_Generated_Image_ (20)__conflict_1.png","Review/Unsorted","conflict_copied_unique","Generated/contact-sheet/unclear PNG preserved for review"
"asset_0387","Gemini_Generated_Image_ (20).png","BUX2\unsorted3\Gemini_Generated_Image_ (20).png","Assets\BUX\_Review\Unsorted\Gemini_Generated_Image_ (20)__conflict_2.png","Review/Unsorted","conflict_copied_unique","Generated/contact-sheet/unclear PNG preserved for review"
"asset_0451","Gemini_Generated_Image_ (20).png","BUX2\unsorted4\unsorted5\Gemini_Generated_Image_ (20).png","Assets\BUX\_Review\Unsorted\Gemini_Generated_Image_ (20)__conflict_3.png","Review/Unsorted","conflict_copied_unique","Generated/contact-sheet/unclear PNG preserved for review"
"asset_0272","Gemini_Generated_Image_ (21).png","BUX2\sound\unsorted6\Gemini_Generated_Image_ (21).png","Assets\BUX\_Review\Unsorted\Gemini_Generated_Image_ (21).png","Review/Unsorted","copied","Generated/contact-sheet/unclear PNG preserved for review"
"asset_0320","Gemini_Generated_Image_ (21).png","BUX2\unsorted\Gemini_Generated_Image_ (21).png","Assets\BUX\_Review\Unsorted\Gemini_Generated_Image_ (21)__conflict_1.png","Review/Unsorted","conflict_copied_unique","Generated/contact-sheet/unclear PNG preserved for review"
"asset_0388","Gemini_Generated_Image_ (21).png","BUX2\unsorted3\Gemini_Generated_Image_ (21).png","Assets\BUX\_Review\Unsorted\Gemini_Generated_Image_ (21)__conflict_2.png","Review/Unsorted","conflict_copied_unique","Generated/contact-sheet/unclear PNG preserved for review"
"asset_0452","Gemini_Generated_Image_ (21).png","BUX2\unsorted4\unsorted5\Gemini_Generated_Image_ (21).png","Assets\BUX\_Review\Unsorted\Gemini_Generated_Image_ (21)__conflict_3.png","Review/Unsorted","conflict_copied_unique","Generated/contact-sheet/unclear PNG preserved for review"
"asset_0273","Gemini_Generated_Image_ (22).png","BUX2\sound\unsorted6\Gemini_Generated_Image_ (22).png","Assets\BUX\_Review\Unsorted\Gemini_Generated_Image_ (22).png","Review/Unsorted","copied","Generated/contact-sheet/unclear PNG preserved for review"
"asset_0321","Gemini_Generated_Image_ (22).png","BUX2\unsorted\Gemini_Generated_Image_ (22).png","Assets\BUX\_Review\Unsorted\Gemini_Generated_Image_ (22)__conflict_1.png","Review/Unsorted","conflict_copied_unique","Generated/contact-sheet/unclear PNG preserved for review"
"asset_0389","Gemini_Generated_Image_ (22).png","BUX2\unsorted3\Gemini_Generated_Image_ (22).png","Assets\BUX\_Review\Unsorted\Gemini_Generated_Image_ (22)__conflict_2.png","Review/Unsorted","conflict_copied_unique","Generated/contact-sheet/unclear PNG preserved for review"
"asset_0453","Gemini_Generated_Image_ (22).png","BUX2\unsorted4\unsorted5\Gemini_Generated_Image_ (22).png","Assets\BUX\_Review\Unsorted\Gemini_Generated_Image_ (22)__conflict_3.png","Review/Unsorted","conflict_copied_unique","Generated/contact-sheet/unclear PNG preserved for review"
"asset_0274","Gemini_Generated_Image_ (23).png","BUX2\sound\unsorted6\Gemini_Generated_Image_ (23).png","Assets\BUX\_Review\Unsorted\Gemini_Generated_Image_ (23).png","Review/Unsorted","copied","Generated/contact-sheet/unclear PNG preserved for review"
"asset_0322","Gemini_Generated_Image_ (23).png","BUX2\unsorted\Gemini_Generated_Image_ (23).png","Assets\BUX\_Review\Unsorted\Gemini_Generated_Image_ (23)__conflict_1.png","Review/Unsorted","conflict_copied_unique","Generated/contact-sheet/unclear PNG preserved for review"
"asset_0390","Gemini_Generated_Image_ (23).png","BUX2\unsorted3\Gemini_Generated_Image_ (23).png","Assets\BUX\_Review\Unsorted\Gemini_Generated_Image_ (23)__conflict_2.png","Review/Unsorted","conflict_copied_unique","Generated/contact-sheet/unclear PNG preserved for review"
"asset_0454","Gemini_Generated_Image_ (23).png","BUX2\unsorted4\unsorted5\Gemini_Generated_Image_ (23).png","Assets\BUX\_Review\Unsorted\Gemini_Generated_Image_ (23)__conflict_3.png","Review/Unsorted","conflict_copied_unique","Generated/contact-sheet/unclear PNG preserved for review"
"asset_0275","Gemini_Generated_Image_ (24).png","BUX2\sound\unsorted6\Gemini_Generated_Image_ (24).png","Assets\BUX\_Review\Unsorted\Gemini_Generated_Image_ (24).png","Review/Unsorted","copied","Generated/contact-sheet/unclear PNG preserved for review"
"asset_0323","Gemini_Generated_Image_ (24).png","BUX2\unsorted\Gemini_Generated_Image_ (24).png","Assets\BUX\_Review\Unsorted\Gemini_Generated_Image_ (24)__conflict_1.png","Review/Unsorted","conflict_copied_unique","Generated/contact-sheet/unclear PNG preserved for review"
"asset_0391","Gemini_Generated_Image_ (24).png","BUX2\unsorted3\Gemini_Generated_Image_ (24).png","Assets\BUX\_Review\Unsorted\Gemini_Generated_Image_ (24)__conflict_2.png","Review/Unsorted","conflict_copied_unique","Generated/contact-sheet/unclear PNG preserved for review"
"asset_0455","Gemini_Generated_Image_ (24).png","BUX2\unsorted4\unsorted5\Gemini_Generated_Image_ (24).png","Assets\BUX\_Review\Unsorted\Gemini_Generated_Image_ (24)__conflict_3.png","Review/Unsorted","conflict_copied_unique","Generated/contact-sheet/unclear PNG preserved for review"
"asset_0276","Gemini_Generated_Image_ (25).png","BUX2\sound\unsorted6\Gemini_Generated_Image_ (25).png","Assets\BUX\_Review\Unsorted\Gemini_Generated_Image_ (25).png","Review/Unsorted","copied","Generated/contact-sheet/unclear PNG preserved for review"
"asset_0324","Gemini_Generated_Image_ (25).png","BUX2\unsorted\Gemini_Generated_Image_ (25).png","Assets\BUX\_Review\Unsorted\Gemini_Generated_Image_ (25)__conflict_1.png","Review/Unsorted","conflict_copied_unique","Generated/contact-sheet/unclear PNG preserved for review"
"asset_0392","Gemini_Generated_Image_ (25).png","BUX2\unsorted3\Gemini_Generated_Image_ (25).png","Assets\BUX\_Review\Unsorted\Gemini_Generated_Image_ (25)__conflict_2.png","Review/Unsorted","conflict_copied_unique","Generated/contact-sheet/unclear PNG preserved for review"
"asset_0456","Gemini_Generated_Image_ (25).png","BUX2\unsorted4\unsorted5\Gemini_Generated_Image_ (25).png","Assets\BUX\_Review\Unsorted\Gemini_Generated_Image_ (25)__conflict_3.png","Review/Unsorted","conflict_copied_unique","Generated/contact-sheet/unclear PNG preserved for review"
"asset_0277","Gemini_Generated_Image_ (26).png","BUX2\sound\unsorted6\Gemini_Generated_Image_ (26).png","Assets\BUX\_Review\Unsorted\Gemini_Generated_Image_ (26).png","Review/Unsorted","copied","Generated/contact-sheet/unclear PNG preserved for review"
"asset_0325","Gemini_Generated_Image_ (26).png","BUX2\unsorted\Gemini_Generated_Image_ (26).png","Assets\BUX\_Review\Unsorted\Gemini_Generated_Image_ (26)__conflict_1.png","Review/Unsorted","conflict_copied_unique","Generated/contact-sheet/unclear PNG preserved for review"
"asset_0393","Gemini_Generated_Image_ (26).png","BUX2\unsorted3\Gemini_Generated_Image_ (26).png","Assets\BUX\_Review\Unsorted\Gemini_Generated_Image_ (26)__conflict_2.png","Review/Unsorted","conflict_copied_unique","Generated/contact-sheet/unclear PNG preserved for review"
"asset_0457","Gemini_Generated_Image_ (26).png","BUX2\unsorted4\unsorted5\Gemini_Generated_Image_ (26).png","Assets\BUX\_Review\Unsorted\Gemini_Generated_Image_ (26)__conflict_3.png","Review/Unsorted","conflict_copied_unique","Generated/contact-sheet/unclear PNG preserved for review"
"asset_0278","Gemini_Generated_Image_ (27).png","BUX2\sound\unsorted6\Gemini_Generated_Image_ (27).png","Assets\BUX\_Review\Unsorted\Gemini_Generated_Image_ (27).png","Review/Unsorted","copied","Generated/contact-sheet/unclear PNG preserved for review"
"asset_0326","Gemini_Generated_Image_ (27).png","BUX2\unsorted\Gemini_Generated_Image_ (27).png","Assets\BUX\_Review\Unsorted\Gemini_Generated_Image_ (27)__conflict_1.png","Review/Unsorted","conflict_copied_unique","Generated/contact-sheet/unclear PNG preserved for review"
"asset_0394","Gemini_Generated_Image_ (27).png","BUX2\unsorted3\Gemini_Generated_Image_ (27).png","Assets\BUX\_Review\Unsorted\Gemini_Generated_Image_ (27)__conflict_2.png","Review/Unsorted","conflict_copied_unique","Generated/contact-sheet/unclear PNG preserved for review"
"asset_0458","Gemini_Generated_Image_ (27).png","BUX2\unsorted4\unsorted5\Gemini_Generated_Image_ (27).png","Assets\BUX\_Review\Unsorted\Gemini_Generated_Image_ (27)__conflict_3.png","Review/Unsorted","conflict_copied_unique","Generated/contact-sheet/unclear PNG preserved for review"
"asset_0327","Gemini_Generated_Image_ (28).png","BUX2\unsorted\Gemini_Generated_Image_ (28).png","Assets\BUX\_Review\Unsorted\Gemini_Generated_Image_ (28).png","Review/Unsorted","copied","Generated/contact-sheet/unclear PNG preserved for review"
"asset_0395","Gemini_Generated_Image_ (28).png","BUX2\unsorted3\Gemini_Generated_Image_ (28).png","Assets\BUX\_Review\Unsorted\Gemini_Generated_Image_ (28)__conflict_1.png","Review/Unsorted","conflict_copied_unique","Generated/contact-sheet/unclear PNG preserved for review"
"asset_0459","Gemini_Generated_Image_ (28).png","BUX2\unsorted4\unsorted5\Gemini_Generated_Image_ (28).png","Assets\BUX\_Review\Unsorted\Gemini_Generated_Image_ (28)__conflict_2.png","Review/Unsorted","conflict_copied_unique","Generated/contact-sheet/unclear PNG preserved for review"
"asset_0328","Gemini_Generated_Image_ (29).png","BUX2\unsorted\Gemini_Generated_Image_ (29).png","Assets\BUX\_Review\Unsorted\Gemini_Generated_Image_ (29).png","Review/Unsorted","copied","Generated/contact-sheet/unclear PNG preserved for review"
"asset_0396","Gemini_Generated_Image_ (29).png","BUX2\unsorted3\Gemini_Generated_Image_ (29).png","Assets\BUX\_Review\Unsorted\Gemini_Generated_Image_ (29)__conflict_1.png","Review/Unsorted","conflict_copied_unique","Generated/contact-sheet/unclear PNG preserved for review"
"asset_0460","Gemini_Generated_Image_ (29).png","BUX2\unsorted4\unsorted5\Gemini_Generated_Image_ (29).png","Assets\BUX\_Review\Unsorted\Gemini_Generated_Image_ (29)__conflict_2.png","Review/Unsorted","conflict_copied_unique","Generated/contact-sheet/unclear PNG preserved for review"
"asset_0279","Gemini_Generated_Image_ (3).png","BUX2\sound\unsorted6\Gemini_Generated_Image_ (3).png","Assets\BUX\_Review\Unsorted\Gemini_Generated_Image_ (3).png","Review/Unsorted","copied","Generated/contact-sheet/unclear PNG preserved for review"
"asset_0329","Gemini_Generated_Image_ (3).png","BUX2\unsorted\Gemini_Generated_Image_ (3).png","Assets\BUX\_Review\Unsorted\Gemini_Generated_Image_ (3)__conflict_1.png","Review/Unsorted","conflict_copied_unique","Generated/contact-sheet/unclear PNG preserved for review"
"asset_0366","Gemini_Generated_Image_ (3).png","BUX2\unsorted\unsorted ny\Gemini_Generated_Image_ (3).png","Assets\BUX\_Review\Unsorted\Gemini_Generated_Image_ (3)__conflict_2.png","Review/Unsorted","conflict_copied_unique","Generated/contact-sheet/unclear PNG preserved for review"
"asset_0397","Gemini_Generated_Image_ (3).png","BUX2\unsorted3\Gemini_Generated_Image_ (3).png","Assets\BUX\_Review\Unsorted\Gemini_Generated_Image_ (3)__conflict_3.png","Review/Unsorted","conflict_copied_unique","Generated/contact-sheet/unclear PNG preserved for review"
"asset_0431","Gemini_Generated_Image_ (3).png","BUX2\unsorted4\Gemini_Generated_Image_ (3).png","Assets\BUX\_Review\Unsorted\Gemini_Generated_Image_ (3)__conflict_4.png","Review/Unsorted","conflict_copied_unique","Generated/contact-sheet/unclear PNG preserved for review"
"asset_0461","Gemini_Generated_Image_ (3).png","BUX2\unsorted4\unsorted5\Gemini_Generated_Image_ (3).png","Assets\BUX\_Review\Unsorted\Gemini_Generated_Image_ (3)__conflict_5.png","Review/Unsorted","conflict_copied_unique","Generated/contact-sheet/unclear PNG preserved for review"
"asset_0330","Gemini_Generated_Image_ (30).png","BUX2\unsorted\Gemini_Generated_Image_ (30).png","Assets\BUX\_Review\Unsorted\Gemini_Generated_Image_ (30).png","Review/Unsorted","copied","Generated/contact-sheet/unclear PNG preserved for review"
"asset_0398","Gemini_Generated_Image_ (30).png","BUX2\unsorted3\Gemini_Generated_Image_ (30).png","Assets\BUX\_Review\Unsorted\Gemini_Generated_Image_ (30)__conflict_1.png","Review/Unsorted","conflict_copied_unique","Generated/contact-sheet/unclear PNG preserved for review"
"asset_0462","Gemini_Generated_Image_ (30).png","BUX2\unsorted4\unsorted5\Gemini_Generated_Image_ (30).png","Assets\BUX\_Review\Unsorted\Gemini_Generated_Image_ (30)__conflict_2.png","Review/Unsorted","conflict_copied_unique","Generated/contact-sheet/unclear PNG preserved for review"
"asset_0331","Gemini_Generated_Image_ (31).png","BUX2\unsorted\Gemini_Generated_Image_ (31).png","Assets\BUX\_Review\Unsorted\Gemini_Generated_Image_ (31).png","Review/Unsorted","copied","Generated/contact-sheet/unclear PNG preserved for review"
"asset_0399","Gemini_Generated_Image_ (31).png","BUX2\unsorted3\Gemini_Generated_Image_ (31).png","Assets\BUX\_Review\Unsorted\Gemini_Generated_Image_ (31)__conflict_1.png","Review/Unsorted","conflict_copied_unique","Generated/contact-sheet/unclear PNG preserved for review"
"asset_0463","Gemini_Generated_Image_ (31).png","BUX2\unsorted4\unsorted5\Gemini_Generated_Image_ (31).png","Assets\BUX\_Review\Unsorted\Gemini_Generated_Image_ (31)__conflict_2.png","Review/Unsorted","conflict_copied_unique","Generated/contact-sheet/unclear PNG preserved for review"
"asset_0332","Gemini_Generated_Image_ (32).png","BUX2\unsorted\Gemini_Generated_Image_ (32).png","Assets\BUX\_Review\Unsorted\Gemini_Generated_Image_ (32).png","Review/Unsorted","copied","Generated/contact-sheet/unclear PNG preserved for review"
"asset_0400","Gemini_Generated_Image_ (32).png","BUX2\unsorted3\Gemini_Generated_Image_ (32).png","Assets\BUX\_Review\Unsorted\Gemini_Generated_Image_ (32)__conflict_1.png","Review/Unsorted","conflict_copied_unique","Generated/contact-sheet/unclear PNG preserved for review"
"asset_0464","Gemini_Generated_Image_ (32).png","BUX2\unsorted4\unsorted5\Gemini_Generated_Image_ (32).png","Assets\BUX\_Review\Unsorted\Gemini_Generated_Image_ (32)__conflict_2.png","Review/Unsorted","conflict_copied_unique","Generated/contact-sheet/unclear PNG preserved for review"
"asset_0333","Gemini_Generated_Image_ (33).png","BUX2\unsorted\Gemini_Generated_Image_ (33).png","Assets\BUX\_Review\Unsorted\Gemini_Generated_Image_ (33).png","Review/Unsorted","copied","Generated/contact-sheet/unclear PNG preserved for review"
"asset_0401","Gemini_Generated_Image_ (33).png","BUX2\unsorted3\Gemini_Generated_Image_ (33).png","Assets\BUX\_Review\Unsorted\Gemini_Generated_Image_ (33)__conflict_1.png","Review/Unsorted","conflict_copied_unique","Generated/contact-sheet/unclear PNG preserved for review"
"asset_0465","Gemini_Generated_Image_ (33).png","BUX2\unsorted4\unsorted5\Gemini_Generated_Image_ (33).png","Assets\BUX\_Review\Unsorted\Gemini_Generated_Image_ (33)__conflict_2.png","Review/Unsorted","conflict_copied_unique","Generated/contact-sheet/unclear PNG preserved for review"
"asset_0334","Gemini_Generated_Image_ (34).png","BUX2\unsorted\Gemini_Generated_Image_ (34).png","Assets\BUX\_Review\Unsorted\Gemini_Generated_Image_ (34).png","Review/Unsorted","copied","Generated/contact-sheet/unclear PNG preserved for review"
"asset_0402","Gemini_Generated_Image_ (34).png","BUX2\unsorted3\Gemini_Generated_Image_ (34).png","Assets\BUX\_Review\Unsorted\Gemini_Generated_Image_ (34)__conflict_1.png","Review/Unsorted","conflict_copied_unique","Generated/contact-sheet/unclear PNG preserved for review"
"asset_0466","Gemini_Generated_Image_ (34).png","BUX2\unsorted4\unsorted5\Gemini_Generated_Image_ (34).png","Assets\BUX\_Review\Unsorted\Gemini_Generated_Image_ (34)__conflict_2.png","Review/Unsorted","conflict_copied_unique","Generated/contact-sheet/unclear PNG preserved for review"
"asset_0335","Gemini_Generated_Image_ (35).png","BUX2\unsorted\Gemini_Generated_Image_ (35).png","Assets\BUX\_Review\Unsorted\Gemini_Generated_Image_ (35).png","Review/Unsorted","copied","Generated/contact-sheet/unclear PNG preserved for review"
"asset_0403","Gemini_Generated_Image_ (35).png","BUX2\unsorted3\Gemini_Generated_Image_ (35).png","Assets\BUX\_Review\Unsorted\Gemini_Generated_Image_ (35)__conflict_1.png","Review/Unsorted","conflict_copied_unique","Generated/contact-sheet/unclear PNG preserved for review"
"asset_0467","Gemini_Generated_Image_ (35).png","BUX2\unsorted4\unsorted5\Gemini_Generated_Image_ (35).png","Assets\BUX\_Review\Unsorted\Gemini_Generated_Image_ (35)__conflict_2.png","Review/Unsorted","conflict_copied_unique","Generated/contact-sheet/unclear PNG preserved for review"
"asset_0336","Gemini_Generated_Image_ (36).png","BUX2\unsorted\Gemini_Generated_Image_ (36).png","Assets\BUX\_Review\Unsorted\Gemini_Generated_Image_ (36).png","Review/Unsorted","copied","Generated/contact-sheet/unclear PNG preserved for review"
"asset_0404","Gemini_Generated_Image_ (36).png","BUX2\unsorted3\Gemini_Generated_Image_ (36).png","Assets\BUX\_Review\Unsorted\Gemini_Generated_Image_ (36)__conflict_1.png","Review/Unsorted","conflict_copied_unique","Generated/contact-sheet/unclear PNG preserved for review"
"asset_0468","Gemini_Generated_Image_ (36).png","BUX2\unsorted4\unsorted5\Gemini_Generated_Image_ (36).png","Assets\BUX\_Review\Unsorted\Gemini_Generated_Image_ (36)__conflict_2.png","Review/Unsorted","conflict_copied_unique","Generated/contact-sheet/unclear PNG preserved for review"
"asset_0337","Gemini_Generated_Image_ (37).png","BUX2\unsorted\Gemini_Generated_Image_ (37).png","Assets\BUX\_Review\Unsorted\Gemini_Generated_Image_ (37).png","Review/Unsorted","copied","Generated/contact-sheet/unclear PNG preserved for review"
"asset_0405","Gemini_Generated_Image_ (37).png","BUX2\unsorted3\Gemini_Generated_Image_ (37).png","Assets\BUX\_Review\Unsorted\Gemini_Generated_Image_ (37)__conflict_1.png","Review/Unsorted","conflict_copied_unique","Generated/contact-sheet/unclear PNG preserved for review"
"asset_0469","Gemini_Generated_Image_ (37).png","BUX2\unsorted4\unsorted5\Gemini_Generated_Image_ (37).png","Assets\BUX\_Review\Unsorted\Gemini_Generated_Image_ (37)__conflict_2.png","Review/Unsorted","conflict_copied_unique","Generated/contact-sheet/unclear PNG preserved for review"
"asset_0338","Gemini_Generated_Image_ (38).png","BUX2\unsorted\Gemini_Generated_Image_ (38).png","Assets\BUX\_Review\Unsorted\Gemini_Generated_Image_ (38).png","Review/Unsorted","copied","Generated/contact-sheet/unclear PNG preserved for review"
"asset_0406","Gemini_Generated_Image_ (38).png","BUX2\unsorted3\Gemini_Generated_Image_ (38).png","Assets\BUX\_Review\Unsorted\Gemini_Generated_Image_ (38)__conflict_1.png","Review/Unsorted","conflict_copied_unique","Generated/contact-sheet/unclear PNG preserved for review"
"asset_0470","Gemini_Generated_Image_ (38).png","BUX2\unsorted4\unsorted5\Gemini_Generated_Image_ (38).png","Assets\BUX\_Review\Unsorted\Gemini_Generated_Image_ (38)__conflict_2.png","Review/Unsorted","conflict_copied_unique","Generated/contact-sheet/unclear PNG preserved for review"
"asset_0339","Gemini_Generated_Image_ (39).png","BUX2\unsorted\Gemini_Generated_Image_ (39).png","Assets\BUX\_Review\Unsorted\Gemini_Generated_Image_ (39).png","Review/Unsorted","copied","Generated/contact-sheet/unclear PNG preserved for review"
"asset_0407","Gemini_Generated_Image_ (39).png","BUX2\unsorted3\Gemini_Generated_Image_ (39).png","Assets\BUX\_Review\Unsorted\Gemini_Generated_Image_ (39)__conflict_1.png","Review/Unsorted","conflict_copied_unique","Generated/contact-sheet/unclear PNG preserved for review"
"asset_0471","Gemini_Generated_Image_ (39).png","BUX2\unsorted4\unsorted5\Gemini_Generated_Image_ (39).png","Assets\BUX\_Review\Unsorted\Gemini_Generated_Image_ (39)__conflict_2.png","Review/Unsorted","conflict_copied_unique","Generated/contact-sheet/unclear PNG preserved for review"
"asset_0280","Gemini_Generated_Image_ (4).png","BUX2\sound\unsorted6\Gemini_Generated_Image_ (4).png","Assets\BUX\_Review\Unsorted\Gemini_Generated_Image_ (4).png","Review/Unsorted","copied","Generated/contact-sheet/unclear PNG preserved for review"
"asset_0340","Gemini_Generated_Image_ (4).png","BUX2\unsorted\Gemini_Generated_Image_ (4).png","Assets\BUX\_Review\Unsorted\Gemini_Generated_Image_ (4)__conflict_1.png","Review/Unsorted","conflict_copied_unique","Generated/contact-sheet/unclear PNG preserved for review"
"asset_0367","Gemini_Generated_Image_ (4).png","BUX2\unsorted\unsorted ny\Gemini_Generated_Image_ (4).png","Assets\BUX\_Review\Unsorted\Gemini_Generated_Image_ (4)__conflict_2.png","Review/Unsorted","conflict_copied_unique","Generated/contact-sheet/unclear PNG preserved for review"
"asset_0408","Gemini_Generated_Image_ (4).png","BUX2\unsorted3\Gemini_Generated_Image_ (4).png","Assets\BUX\_Review\Unsorted\Gemini_Generated_Image_ (4)__conflict_3.png","Review/Unsorted","conflict_copied_unique","Generated/contact-sheet/unclear PNG preserved for review"
"asset_0432","Gemini_Generated_Image_ (4).png","BUX2\unsorted4\Gemini_Generated_Image_ (4).png","Assets\BUX\_Review\Unsorted\Gemini_Generated_Image_ (4)__conflict_4.png","Review/Unsorted","conflict_copied_unique","Generated/contact-sheet/unclear PNG preserved for review"
"asset_0472","Gemini_Generated_Image_ (4).png","BUX2\unsorted4\unsorted5\Gemini_Generated_Image_ (4).png","Assets\BUX\_Review\Unsorted\Gemini_Generated_Image_ (4)__conflict_5.png","Review/Unsorted","conflict_copied_unique","Generated/contact-sheet/unclear PNG preserved for review"
"asset_0341","Gemini_Generated_Image_ (40).png","BUX2\unsorted\Gemini_Generated_Image_ (40).png","Assets\BUX\_Review\Unsorted\Gemini_Generated_Image_ (40).png","Review/Unsorted","copied","Generated/contact-sheet/unclear PNG preserved for review"
"asset_0409","Gemini_Generated_Image_ (40).png","BUX2\unsorted3\Gemini_Generated_Image_ (40).png","Assets\BUX\_Review\Unsorted\Gemini_Generated_Image_ (40)__conflict_1.png","Review/Unsorted","conflict_copied_unique","Generated/contact-sheet/unclear PNG preserved for review"
"asset_0473","Gemini_Generated_Image_ (40).png","BUX2\unsorted4\unsorted5\Gemini_Generated_Image_ (40).png","Assets\BUX\_Review\Unsorted\Gemini_Generated_Image_ (40)__conflict_2.png","Review/Unsorted","conflict_copied_unique","Generated/contact-sheet/unclear PNG preserved for review"
"asset_0342","Gemini_Generated_Image_ (41).png","BUX2\unsorted\Gemini_Generated_Image_ (41).png","Assets\BUX\_Review\Unsorted\Gemini_Generated_Image_ (41).png","Review/Unsorted","copied","Generated/contact-sheet/unclear PNG preserved for review"
"asset_0410","Gemini_Generated_Image_ (41).png","BUX2\unsorted3\Gemini_Generated_Image_ (41).png","Assets\BUX\_Review\Unsorted\Gemini_Generated_Image_ (41)__conflict_1.png","Review/Unsorted","conflict_copied_unique","Generated/contact-sheet/unclear PNG preserved for review"
"asset_0474","Gemini_Generated_Image_ (41).png","BUX2\unsorted4\unsorted5\Gemini_Generated_Image_ (41).png","Assets\BUX\_Review\Unsorted\Gemini_Generated_Image_ (41)__conflict_2.png","Review/Unsorted","conflict_copied_unique","Generated/contact-sheet/unclear PNG preserved for review"
"asset_0343","Gemini_Generated_Image_ (42).png","BUX2\unsorted\Gemini_Generated_Image_ (42).png","Assets\BUX\_Review\Unsorted\Gemini_Generated_Image_ (42).png","Review/Unsorted","copied","Generated/contact-sheet/unclear PNG preserved for review"
"asset_0411","Gemini_Generated_Image_ (42).png","BUX2\unsorted3\Gemini_Generated_Image_ (42).png","Assets\BUX\_Review\Unsorted\Gemini_Generated_Image_ (42)__conflict_1.png","Review/Unsorted","conflict_copied_unique","Generated/contact-sheet/unclear PNG preserved for review"
"asset_0344","Gemini_Generated_Image_ (43).png","BUX2\unsorted\Gemini_Generated_Image_ (43).png","Assets\BUX\_Review\Unsorted\Gemini_Generated_Image_ (43).png","Review/Unsorted","copied","Generated/contact-sheet/unclear PNG preserved for review"
"asset_0412","Gemini_Generated_Image_ (43).png","BUX2\unsorted3\Gemini_Generated_Image_ (43).png","Assets\BUX\_Review\Unsorted\Gemini_Generated_Image_ (43)__conflict_1.png","Review/Unsorted","conflict_copied_unique","Generated/contact-sheet/unclear PNG preserved for review"
"asset_0345","Gemini_Generated_Image_ (44).png","BUX2\unsorted\Gemini_Generated_Image_ (44).png","Assets\BUX\_Review\Unsorted\Gemini_Generated_Image_ (44).png","Review/Unsorted","copied","Generated/contact-sheet/unclear PNG preserved for review"
"asset_0413","Gemini_Generated_Image_ (44).png","BUX2\unsorted3\Gemini_Generated_Image_ (44).png","Assets\BUX\_Review\Unsorted\Gemini_Generated_Image_ (44)__conflict_1.png","Review/Unsorted","conflict_copied_unique","Generated/contact-sheet/unclear PNG preserved for review"
"asset_0414","Gemini_Generated_Image_ (45).png","BUX2\unsorted3\Gemini_Generated_Image_ (45).png","Assets\BUX\_Review\Unsorted\Gemini_Generated_Image_ (45).png","Review/Unsorted","copied","Generated/contact-sheet/unclear PNG preserved for review"
"asset_0415","Gemini_Generated_Image_ (46).png","BUX2\unsorted3\Gemini_Generated_Image_ (46).png","Assets\BUX\_Review\Unsorted\Gemini_Generated_Image_ (46).png","Review/Unsorted","copied","Generated/contact-sheet/unclear PNG preserved for review"
"asset_0281","Gemini_Generated_Image_ (5).png","BUX2\sound\unsorted6\Gemini_Generated_Image_ (5).png","Assets\BUX\_Review\Unsorted\Gemini_Generated_Image_ (5).png","Review/Unsorted","copied","Generated/contact-sheet/unclear PNG preserved for review"
"asset_0346","Gemini_Generated_Image_ (5).png","BUX2\unsorted\Gemini_Generated_Image_ (5).png","Assets\BUX\_Review\Unsorted\Gemini_Generated_Image_ (5)__conflict_1.png","Review/Unsorted","conflict_copied_unique","Generated/contact-sheet/unclear PNG preserved for review"
"asset_0368","Gemini_Generated_Image_ (5).png","BUX2\unsorted\unsorted ny\Gemini_Generated_Image_ (5).png","Assets\BUX\_Review\Unsorted\Gemini_Generated_Image_ (5)__conflict_2.png","Review/Unsorted","conflict_copied_unique","Generated/contact-sheet/unclear PNG preserved for review"
"asset_0416","Gemini_Generated_Image_ (5).png","BUX2\unsorted3\Gemini_Generated_Image_ (5).png","Assets\BUX\_Review\Unsorted\Gemini_Generated_Image_ (5)__conflict_3.png","Review/Unsorted","conflict_copied_unique","Generated/contact-sheet/unclear PNG preserved for review"
"asset_0433","Gemini_Generated_Image_ (5).png","BUX2\unsorted4\Gemini_Generated_Image_ (5).png","Assets\BUX\_Review\Unsorted\Gemini_Generated_Image_ (5)__conflict_4.png","Review/Unsorted","conflict_copied_unique","Generated/contact-sheet/unclear PNG preserved for review"
"asset_0475","Gemini_Generated_Image_ (5).png","BUX2\unsorted4\unsorted5\Gemini_Generated_Image_ (5).png","Assets\BUX\_Review\Unsorted\Gemini_Generated_Image_ (5)__conflict_5.png","Review/Unsorted","conflict_copied_unique","Generated/contact-sheet/unclear PNG preserved for review"
"asset_0282","Gemini_Generated_Image_ (6).png","BUX2\sound\unsorted6\Gemini_Generated_Image_ (6).png","Assets\BUX\_Review\Unsorted\Gemini_Generated_Image_ (6).png","Review/Unsorted","copied","Generated/contact-sheet/unclear PNG preserved for review"
"asset_0347","Gemini_Generated_Image_ (6).png","BUX2\unsorted\Gemini_Generated_Image_ (6).png","Assets\BUX\_Review\Unsorted\Gemini_Generated_Image_ (6)__conflict_1.png","Review/Unsorted","conflict_copied_unique","Generated/contact-sheet/unclear PNG preserved for review"
"asset_0369","Gemini_Generated_Image_ (6).png","BUX2\unsorted\unsorted ny\Gemini_Generated_Image_ (6).png","Assets\BUX\_Review\Unsorted\Gemini_Generated_Image_ (6)__conflict_2.png","Review/Unsorted","conflict_copied_unique","Generated/contact-sheet/unclear PNG preserved for review"
"asset_0417","Gemini_Generated_Image_ (6).png","BUX2\unsorted3\Gemini_Generated_Image_ (6).png","Assets\BUX\_Review\Unsorted\Gemini_Generated_Image_ (6)__conflict_3.png","Review/Unsorted","conflict_copied_unique","Generated/contact-sheet/unclear PNG preserved for review"
"asset_0434","Gemini_Generated_Image_ (6).png","BUX2\unsorted4\Gemini_Generated_Image_ (6).png","Assets\BUX\_Review\Unsorted\Gemini_Generated_Image_ (6)__conflict_4.png","Review/Unsorted","conflict_copied_unique","Generated/contact-sheet/unclear PNG preserved for review"
"asset_0476","Gemini_Generated_Image_ (6).png","BUX2\unsorted4\unsorted5\Gemini_Generated_Image_ (6).png","Assets\BUX\_Review\Unsorted\Gemini_Generated_Image_ (6)__conflict_5.png","Review/Unsorted","conflict_copied_unique","Generated/contact-sheet/unclear PNG preserved for review"
"asset_0283","Gemini_Generated_Image_ (7).png","BUX2\sound\unsorted6\Gemini_Generated_Image_ (7).png","Assets\BUX\_Review\Unsorted\Gemini_Generated_Image_ (7).png","Review/Unsorted","copied","Generated/contact-sheet/unclear PNG preserved for review"
"asset_0348","Gemini_Generated_Image_ (7).png","BUX2\unsorted\Gemini_Generated_Image_ (7).png","Assets\BUX\_Review\Unsorted\Gemini_Generated_Image_ (7)__conflict_1.png","Review/Unsorted","conflict_copied_unique","Generated/contact-sheet/unclear PNG preserved for review"
"asset_0370","Gemini_Generated_Image_ (7).png","BUX2\unsorted\unsorted ny\Gemini_Generated_Image_ (7).png","Assets\BUX\_Review\Unsorted\Gemini_Generated_Image_ (7)__conflict_2.png","Review/Unsorted","conflict_copied_unique","Generated/contact-sheet/unclear PNG preserved for review"
"asset_0418","Gemini_Generated_Image_ (7).png","BUX2\unsorted3\Gemini_Generated_Image_ (7).png","Assets\BUX\_Review\Unsorted\Gemini_Generated_Image_ (7)__conflict_3.png","Review/Unsorted","conflict_copied_unique","Generated/contact-sheet/unclear PNG preserved for review"
"asset_0435","Gemini_Generated_Image_ (7).png","BUX2\unsorted4\Gemini_Generated_Image_ (7).png","Assets\BUX\_Review\Unsorted\Gemini_Generated_Image_ (7)__conflict_4.png","Review/Unsorted","conflict_copied_unique","Generated/contact-sheet/unclear PNG preserved for review"
"asset_0477","Gemini_Generated_Image_ (7).png","BUX2\unsorted4\unsorted5\Gemini_Generated_Image_ (7).png","Assets\BUX\_Review\Unsorted\Gemini_Generated_Image_ (7)__conflict_5.png","Review/Unsorted","conflict_copied_unique","Generated/contact-sheet/unclear PNG preserved for review"
"asset_0284","Gemini_Generated_Image_ (8).png","BUX2\sound\unsorted6\Gemini_Generated_Image_ (8).png","Assets\BUX\_Review\Unsorted\Gemini_Generated_Image_ (8).png","Review/Unsorted","copied","Generated/contact-sheet/unclear PNG preserved for review"
"asset_0349","Gemini_Generated_Image_ (8).png","BUX2\unsorted\Gemini_Generated_Image_ (8).png","Assets\BUX\_Review\Unsorted\Gemini_Generated_Image_ (8)__conflict_1.png","Review/Unsorted","conflict_copied_unique","Generated/contact-sheet/unclear PNG preserved for review"
"asset_0371","Gemini_Generated_Image_ (8).png","BUX2\unsorted\unsorted ny\Gemini_Generated_Image_ (8).png","Assets\BUX\_Review\Unsorted\Gemini_Generated_Image_ (8)__conflict_2.png","Review/Unsorted","conflict_copied_unique","Generated/contact-sheet/unclear PNG preserved for review"
"asset_0419","Gemini_Generated_Image_ (8).png","BUX2\unsorted3\Gemini_Generated_Image_ (8).png","Assets\BUX\_Review\Unsorted\Gemini_Generated_Image_ (8)__conflict_3.png","Review/Unsorted","conflict_copied_unique","Generated/contact-sheet/unclear PNG preserved for review"
"asset_0436","Gemini_Generated_Image_ (8).png","BUX2\unsorted4\Gemini_Generated_Image_ (8).png","Assets\BUX\_Review\Unsorted\Gemini_Generated_Image_ (8)__conflict_4.png","Review/Unsorted","conflict_copied_unique","Generated/contact-sheet/unclear PNG preserved for review"
"asset_0478","Gemini_Generated_Image_ (8).png","BUX2\unsorted4\unsorted5\Gemini_Generated_Image_ (8).png","Assets\BUX\_Review\Unsorted\Gemini_Generated_Image_ (8)__conflict_5.png","Review/Unsorted","conflict_copied_unique","Generated/contact-sheet/unclear PNG preserved for review"
"asset_0285","Gemini_Generated_Image_ (9).png","BUX2\sound\unsorted6\Gemini_Generated_Image_ (9).png","Assets\BUX\_Review\Unsorted\Gemini_Generated_Image_ (9).png","Review/Unsorted","copied","Generated/contact-sheet/unclear PNG preserved for review"
"asset_0350","Gemini_Generated_Image_ (9).png","BUX2\unsorted\Gemini_Generated_Image_ (9).png","Assets\BUX\_Review\Unsorted\Gemini_Generated_Image_ (9)__conflict_1.png","Review/Unsorted","conflict_copied_unique","Generated/contact-sheet/unclear PNG preserved for review"
"asset_0372","Gemini_Generated_Image_ (9).png","BUX2\unsorted\unsorted ny\Gemini_Generated_Image_ (9).png","Assets\BUX\_Review\Unsorted\Gemini_Generated_Image_ (9)__conflict_2.png","Review/Unsorted","conflict_copied_unique","Generated/contact-sheet/unclear PNG preserved for review"
"asset_0420","Gemini_Generated_Image_ (9).png","BUX2\unsorted3\Gemini_Generated_Image_ (9).png","Assets\BUX\_Review\Unsorted\Gemini_Generated_Image_ (9)__conflict_3.png","Review/Unsorted","conflict_copied_unique","Generated/contact-sheet/unclear PNG preserved for review"
"asset_0437","Gemini_Generated_Image_ (9).png","BUX2\unsorted4\Gemini_Generated_Image_ (9).png","Assets\BUX\_Review\Unsorted\Gemini_Generated_Image_ (9)__conflict_4.png","Review/Unsorted","conflict_copied_unique","Generated/contact-sheet/unclear PNG preserved for review"
"asset_0479","Gemini_Generated_Image_ (9).png","BUX2\unsorted4\unsorted5\Gemini_Generated_Image_ (9).png","Assets\BUX\_Review\Unsorted\Gemini_Generated_Image_ (9)__conflict_5.png","Review/Unsorted","conflict_copied_unique","Generated/contact-sheet/unclear PNG preserved for review"
"asset_0018","Gemini_Generated_Image_.png","BUX2\Gemini_Generated_Image_.png","Assets\BUX\_Review\Unsorted\Gemini_Generated_Image_.png","Review/Unsorted","copied","Generated/contact-sheet/unclear PNG preserved for review"
"asset_0059","Gemini_Generated_Image_.png","BUX2\BOARD\Gemini_Generated_Image_.png","Assets\BUX\_Review\Unsorted\Gemini_Generated_Image___conflict_1.png","Review/Unsorted","conflict_copied_unique","Generated/contact-sheet/unclear PNG preserved for review"
"asset_0286","Gemini_Generated_Image_.png","BUX2\sound\unsorted6\Gemini_Generated_Image_.png","Assets\BUX\_Review\Unsorted\Gemini_Generated_Image___conflict_2.png","Review/Unsorted","conflict_copied_unique","Generated/contact-sheet/unclear PNG preserved for review"
"asset_0351","Gemini_Generated_Image_.png","BUX2\unsorted\Gemini_Generated_Image_.png","Assets\BUX\_Review\Unsorted\Gemini_Generated_Image___conflict_3.png","Review/Unsorted","conflict_copied_unique","Generated/contact-sheet/unclear PNG preserved for review"
"asset_0373","Gemini_Generated_Image_.png","BUX2\unsorted\unsorted ny\Gemini_Generated_Image_.png","Assets\BUX\_Review\Unsorted\Gemini_Generated_Image___conflict_4.png","Review/Unsorted","conflict_copied_unique","Generated/contact-sheet/unclear PNG preserved for review"
"asset_0421","Gemini_Generated_Image_.png","BUX2\unsorted3\Gemini_Generated_Image_.png","Assets\BUX\_Review\Unsorted\Gemini_Generated_Image___conflict_5.png","Review/Unsorted","conflict_copied_unique","Generated/contact-sheet/unclear PNG preserved for review"
"asset_0438","Gemini_Generated_Image_.png","BUX2\unsorted4\Gemini_Generated_Image_.png","Assets\BUX\_Review\Unsorted\Gemini_Generated_Image___conflict_6.png","Review/Unsorted","conflict_copied_unique","Generated/contact-sheet/unclear PNG preserved for review"
"asset_0480","Gemini_Generated_Image_.png","BUX2\unsorted4\unsorted5\Gemini_Generated_Image_.png","Assets\BUX\_Review\Unsorted\Gemini_Generated_Image___conflict_7.png","Review/Unsorted","conflict_copied_unique","Generated/contact-sheet/unclear PNG preserved for review"
"asset_0024","renamed_unsorted3_assets_contact_sheet.png","BUX2\renamed_unsorted3_assets_contact_sheet.png","Assets\BUX\_Review\Unsorted\renamed_unsorted3_assets_contact_sheet.png","Review/Unsorted","copied","Generated/contact-sheet/unclear PNG preserved for review"
"asset_0025","renamed_unsorted4_assets_contact_sheet.png","BUX2\renamed_unsorted4_assets_contact_sheet.png","Assets\BUX\_Review\Unsorted\renamed_unsorted4_assets_contact_sheet.png","Review/Unsorted","copied","Generated/contact-sheet/unclear PNG preserved for review"
"asset_0028","sprite sheet.png","BUX2\sprite sheet.png","Assets\BUX\_Review\Unsorted\sprite sheet.png","Review/Unsorted","copied","Generated/contact-sheet/unclear PNG preserved for review"
"asset_0029","TILES.zip","BUX2\TILES.zip","Assets\BUX\_Review\Unsorted\TILES.zip","Review/Unsorted","copied","Non-art package artifact preserved for review"
"asset_0031","tree.zip","BUX2\tree.zip","Assets\BUX\_Review\Unsorted\tree.zip","Review/Unsorted","copied","Non-art package artifact preserved for review"
"asset_0051","unsorted_contact_sheet.png","BUX2\unsorted_contact_sheet.png","Assets\BUX\_Review\Unsorted\unsorted_contact_sheet.png","Review/Unsorted","copied","Generated/contact-sheet/unclear PNG preserved for review"
"asset_0052","unsorted_new_25_44_contact_sheet.png","BUX2\unsorted_new_25_44_contact_sheet.png","Assets\BUX\_Review\Unsorted\unsorted_new_25_44_contact_sheet.png","Review/Unsorted","copied","Generated/contact-sheet/unclear PNG preserved for review"
"asset_0053","unsorted_ny_contact_sheet.png","BUX2\unsorted_ny_contact_sheet.png","Assets\BUX\_Review\Unsorted\unsorted_ny_contact_sheet.png","Review/Unsorted","copied","Generated/contact-sheet/unclear PNG preserved for review"
"asset_0045","unsorted3_contact_sheet.png","BUX2\unsorted3_contact_sheet.png","Assets\BUX\_Review\Unsorted\unsorted3_contact_sheet.png","Review/Unsorted","copied","Generated/contact-sheet/unclear PNG preserved for review"
"asset_0046","unsorted3_contact_sheet_write_order.png","BUX2\unsorted3_contact_sheet_write_order.png","Assets\BUX\_Review\Unsorted\unsorted3_contact_sheet_write_order.png","Review/Unsorted","copied","Generated/contact-sheet/unclear PNG preserved for review"
"asset_0048","unsorted4_contact_sheet.png","BUX2\unsorted4_contact_sheet.png","Assets\BUX\_Review\Unsorted\unsorted4_contact_sheet.png","Review/Unsorted","copied","Generated/contact-sheet/unclear PNG preserved for review"
"asset_0050","unsorted5_contact_sheet.png","BUX2\unsorted5_contact_sheet.png","Assets\BUX\_Review\Unsorted\unsorted5_contact_sheet.png","Review/Unsorted","copied","Generated/contact-sheet/unclear PNG preserved for review"
"asset_0229","unsorted6_contact_sheet.png","BUX2\sound\unsorted6_contact_sheet.png","Assets\BUX\_Review\Unsorted\unsorted6_contact_sheet.png","Review/Unsorted","copied","Generated/contact-sheet/unclear PNG preserved for review"
"asset_0180","event_honey_harvest_background.png","BUX2\renamed_unsorted4_assets\event_honey_harvest_background.png","Assets\BUX\Art\Backgrounds\Events\event_honey_harvest_background.png","Art/Backgrounds/Events","copied","Matched expected filename"
"asset_0058","dark_overlay_vignette.png","BUX2\BOARD\dark_overlay_vignette.png","Assets\BUX\Art\Backgrounds\Gameplay\dark_overlay_vignette.png","Art/Backgrounds/Gameplay","copied","Matched expected filename"
"asset_0060","level_background_berry_village.png","BUX2\BOARD\level_background_berry_village.png","Assets\BUX\Art\Backgrounds\Gameplay\level_background_berry_village.png","Art/Backgrounds/Gameplay","copied","Matched expected filename"
"asset_0061","level_background_calm_forest.png","BUX2\BOARD\level_background_calm_forest.png","Assets\BUX\Art\Backgrounds\Gameplay\level_background_calm_forest.png","Art/Backgrounds/Gameplay","copied","Matched expected filename"
"asset_0186","level_background_crystal_garden.png","BUX2\renamed_unsorted4_assets\level_background_crystal_garden.png","Assets\BUX\Art\Backgrounds\Gameplay\level_background_crystal_garden.png","Art/Backgrounds/Gameplay","copied","Matched expected filename"
"asset_0187","level_background_honey_hills.png","BUX2\renamed_unsorted4_assets\level_background_honey_hills.png","Assets\BUX\Art\Backgrounds\Gameplay\level_background_honey_hills.png","Art/Backgrounds/Gameplay","copied","Matched expected filename"
"asset_0062","level_background_magic_clearing.png","BUX2\BOARD\level_background_magic_clearing.png","Assets\BUX\Art\Backgrounds\Gameplay\level_background_magic_clearing.png","Art/Backgrounds/Gameplay","copied","Matched expected filename"
"asset_0188","level_background_moonlit_grove.png","BUX2\renamed_unsorted4_assets\level_background_moonlit_grove.png","Assets\BUX\Art\Backgrounds\Gameplay\level_background_moonlit_grove.png","Art/Backgrounds/Gameplay","copied","Matched expected filename"
"asset_0189","level_background_mossy_forest.png","BUX2\renamed_unsorted4_assets\level_background_mossy_forest.png","Assets\BUX\Art\Backgrounds\Gameplay\level_background_mossy_forest.png","Art/Backgrounds/Gameplay","copied","Matched expected filename"
"asset_0063","level_background_soft_blurred.png","BUX2\BOARD\level_background_soft_blurred.png","Assets\BUX\Art\Backgrounds\Gameplay\level_background_soft_blurred.png","Art/Backgrounds/Gameplay","copied","Matched expected filename"
"asset_0064","main_forest_background.png","BUX2\BOARD\main_forest_background.png","Assets\BUX\Art\Backgrounds\Gameplay\main_forest_background.png","Art/Backgrounds/Gameplay","copied","Matched expected filename"
"asset_0146","meta_bear_village_background.png","BUX2\renamed_unsorted3_assets\meta_bear_village_background.png","Assets\BUX\Art\Backgrounds\Meta\meta_bear_village_background.png","Art/Backgrounds/Meta","copied","Matched expected filename"
"asset_0190","map_board_world_01_berry_village.png","BUX2\renamed_unsorted4_assets\map_board_world_01_berry_village.png","Assets\BUX\Art\Backgrounds\WorldMaps\map_board_world_01_berry_village.png","Art/Backgrounds/WorldMaps","copied","Matched expected filename"
"asset_0191","map_board_world_02_mossy_forest.png","BUX2\renamed_unsorted4_assets\map_board_world_02_mossy_forest.png","Assets\BUX\Art\Backgrounds\WorldMaps\map_board_world_02_mossy_forest.png","Art/Backgrounds/WorldMaps","copied","Matched expected filename"
"asset_0192","map_board_world_03_honey_hills.png","BUX2\renamed_unsorted4_assets\map_board_world_03_honey_hills.png","Assets\BUX\Art\Backgrounds\WorldMaps\map_board_world_03_honey_hills.png","Art/Backgrounds/WorldMaps","copied","Matched expected filename"
"asset_0193","map_board_world_04_magic_clearing.png","BUX2\renamed_unsorted4_assets\map_board_world_04_magic_clearing.png","Assets\BUX\Art\Backgrounds\WorldMaps\map_board_world_04_magic_clearing.png","Art/Backgrounds/WorldMaps","copied","Matched expected filename"
"asset_0194","map_board_world_05_moonlit_grove.png","BUX2\renamed_unsorted4_assets\map_board_world_05_moonlit_grove.png","Assets\BUX\Art\Backgrounds\WorldMaps\map_board_world_05_moonlit_grove.png","Art/Backgrounds/WorldMaps","copied","Matched expected filename"
"asset_0195","map_board_world_06_crystal_garden.png","BUX2\renamed_unsorted4_assets\map_board_world_06_crystal_garden.png","Assets\BUX\Art\Backgrounds\WorldMaps\map_board_world_06_crystal_garden.png","Art/Backgrounds/WorldMaps","copied","Matched expected filename"
"asset_0054","board_cell_brown.png","BUX2\BOARD\board_cell_brown.png","Assets\BUX\Art\Board\Cells\board_cell_brown.png","Art/Board/Cells","copied","Matched expected filename"
"asset_0169","board_cells_atlas.png","BUX2\renamed_unsorted4_assets\board_cells_atlas.png","Assets\BUX\Art\Board\Cells\board_cells_atlas.png","Art/Board/Cells","copied","Matched expected filename"
"asset_0170","board_decorations_atlas.png","BUX2\renamed_unsorted4_assets\board_decorations_atlas.png","Assets\BUX\Art\Board\Decorations\board_decorations_atlas.png","Art/Board/Decorations","copied","Matched expected filename"
"asset_0055","board_corner_decoration_top_left.png","BUX2\BOARD\board_corner_decoration_top_left.png","Assets\BUX\Art\Board\Frames\board_corner_decoration_top_left.png","Art/Board/Frames","copied","Matched expected filename"
"asset_0056","board_empty_area.png","BUX2\BOARD\board_empty_area.png","Assets\BUX\Art\Board\Frames\board_empty_area.png","Art/Board/Frames","copied","Matched expected filename"
"asset_0171","board_frame_atlas.png","BUX2\renamed_unsorted4_assets\board_frame_atlas.png","Assets\BUX\Art\Board\Frames\board_frame_atlas.png","Art/Board/Frames","copied","Matched expected filename"
"asset_0057","board_inner_grid_surface.png","BUX2\BOARD\board_inner_grid_surface.png","Assets\BUX\Art\Board\Frames\board_inner_grid_surface.png","Art/Board/Frames","copied","Matched expected filename"
"asset_0065","wooden_board_frame.png","BUX2\BOARD\wooden_board_frame.png","Assets\BUX\Art\Board\Frames\wooden_board_frame.png","Art/Board/Frames","copied","Matched expected filename"
"asset_0172","board_shape_masks_atlas.png","BUX2\renamed_unsorted4_assets\board_shape_masks_atlas.png","Assets\BUX\Art\Board\ShapeMasks\board_shape_masks_atlas.png","Art/Board/ShapeMasks","copied","Matched expected filename"
"asset_0173","challenge_board_skins_atlas.png","BUX2\renamed_unsorted4_assets\challenge_board_skins_atlas.png","Assets\BUX\Art\Board\Skins\challenge_board_skins_atlas.png","Art/Board/Skins","copied","Matched expected filename"
"asset_0176","event_board_skins_atlas.png","BUX2\renamed_unsorted4_assets\event_board_skins_atlas.png","Assets\BUX\Art\Board\Skins\event_board_skins_atlas.png","Art/Board/Skins","copied","Matched expected filename"
"asset_0016","Cbear1.png","BUX2\Cbear1.png","Assets\BUX\Art\Companion\Bear\Base\Cbear1.png","Art/Companion/Bear/Base","copied","Matched expected filename"
"asset_0088","companion_bear_base.png","BUX2\renamed_matched_assets\companion_bear_base.png","Assets\BUX\Art\Companion\Bear\Base\companion_bear_base.png","Art/Companion/Bear/Base","copied","Matched expected filename"
"asset_0134","cosmetic_accessory_backpack.png","BUX2\renamed_unsorted3_assets\cosmetic_accessory_backpack.png","Assets\BUX\Art\Companion\Bear\Cosmetics\Accessories\cosmetic_accessory_backpack.png","Art/Companion/Bear/Cosmetics/Accessories","copied","Matched expected filename"
"asset_0135","cosmetic_accessory_glasses.png","BUX2\renamed_unsorted3_assets\cosmetic_accessory_glasses.png","Assets\BUX\Art\Companion\Bear\Cosmetics\Accessories\cosmetic_accessory_glasses.png","Art/Companion/Bear/Cosmetics/Accessories","copied","Matched expected filename"
"asset_0136","cosmetic_accessory_honey_spoon.png","BUX2\renamed_unsorted3_assets\cosmetic_accessory_honey_spoon.png","Assets\BUX\Art\Companion\Bear\Cosmetics\Accessories\cosmetic_accessory_honey_spoon.png","Art/Companion/Bear/Cosmetics/Accessories","copied","Matched expected filename"
"asset_0137","cosmetic_body_beekeeper_suit.png","BUX2\renamed_unsorted3_assets\cosmetic_body_beekeeper_suit.png","Assets\BUX\Art\Companion\Bear\Cosmetics\Body\cosmetic_body_beekeeper_suit.png","Art/Companion/Bear/Cosmetics/Body","copied","Matched expected filename"
"asset_0138","cosmetic_body_forest_vest.png","BUX2\renamed_unsorted3_assets\cosmetic_body_forest_vest.png","Assets\BUX\Art\Companion\Bear\Cosmetics\Body\cosmetic_body_forest_vest.png","Art/Companion/Bear/Cosmetics/Body","copied","Matched expected filename"
"asset_0139","cosmetic_body_raincoat.png","BUX2\renamed_unsorted3_assets\cosmetic_body_raincoat.png","Assets\BUX\Art\Companion\Bear\Cosmetics\Body\cosmetic_body_raincoat.png","Art/Companion/Bear/Cosmetics/Body","copied","Matched expected filename"
"asset_0140","cosmetic_hat_beekeeper_hat.png","BUX2\renamed_unsorted3_assets\cosmetic_hat_beekeeper_hat.png","Assets\BUX\Art\Companion\Bear\Cosmetics\Hats\cosmetic_hat_beekeeper_hat.png","Art/Companion/Bear/Cosmetics/Hats","copied","Matched expected filename"
"asset_0141","cosmetic_hat_mushroom_cap.png","BUX2\renamed_unsorted3_assets\cosmetic_hat_mushroom_cap.png","Assets\BUX\Art\Companion\Bear\Cosmetics\Hats\cosmetic_hat_mushroom_cap.png","Art/Companion/Bear/Cosmetics/Hats","copied","Matched expected filename"
"asset_0142","cosmetic_hat_red_cap.png","BUX2\renamed_unsorted3_assets\cosmetic_hat_red_cap.png","Assets\BUX\Art\Companion\Bear\Cosmetics\Hats\cosmetic_hat_red_cap.png","Art/Companion/Bear/Cosmetics/Hats","copied","Matched expected filename"
"asset_0143","cosmetic_neck_blue_scarf.png","BUX2\renamed_unsorted3_assets\cosmetic_neck_blue_scarf.png","Assets\BUX\Art\Companion\Bear\Cosmetics\Neck\cosmetic_neck_blue_scarf.png","Art/Companion/Bear/Cosmetics/Neck","copied","Matched expected filename"
"asset_0144","cosmetic_neck_flower_necklace.png","BUX2\renamed_unsorted3_assets\cosmetic_neck_flower_necklace.png","Assets\BUX\Art\Companion\Bear\Cosmetics\Neck\cosmetic_neck_flower_necklace.png","Art/Companion/Bear/Cosmetics/Neck","copied","Matched expected filename"
"asset_0145","cosmetic_neck_red_scarf.png","BUX2\renamed_unsorted3_assets\cosmetic_neck_red_scarf.png","Assets\BUX\Art\Companion\Bear\Cosmetics\Neck\cosmetic_neck_red_scarf.png","Art/Companion/Bear/Cosmetics/Neck","copied","Matched expected filename"
"asset_0120","companion_bear_big_cheer.png","BUX2\renamed_unsorted3_assets\companion_bear_big_cheer.png","Assets\BUX\Art\Companion\Bear\GameplayPoses\companion_bear_big_cheer.png","Art/Companion/Bear/GameplayPoses","copied","Matched expected filename"
"asset_0121","companion_bear_defeat_encourage.png","BUX2\renamed_unsorted3_assets\companion_bear_defeat_encourage.png","Assets\BUX\Art\Companion\Bear\GameplayPoses\companion_bear_defeat_encourage.png","Art/Companion/Bear/GameplayPoses","copied","Matched expected filename"
"asset_0122","companion_bear_happy.png","BUX2\renamed_unsorted3_assets\companion_bear_happy.png","Assets\BUX\Art\Companion\Bear\GameplayPoses\companion_bear_happy.png","Art/Companion/Bear/GameplayPoses","copied","Matched expected filename"
"asset_0123","companion_bear_hint_point.png","BUX2\renamed_unsorted3_assets\companion_bear_hint_point.png","Assets\BUX\Art\Companion\Bear\GameplayPoses\companion_bear_hint_point.png","Art/Companion/Bear/GameplayPoses","copied","Matched expected filename"
"asset_0124","companion_bear_idle.png","BUX2\renamed_unsorted3_assets\companion_bear_idle.png","Assets\BUX\Art\Companion\Bear\GameplayPoses\companion_bear_idle.png","Art/Companion/Bear/GameplayPoses","copied","Matched expected filename"
"asset_0131","companion_bear_surprised.png","BUX2\renamed_unsorted3_assets\companion_bear_surprised.png","Assets\BUX\Art\Companion\Bear\GameplayPoses\companion_bear_surprised.png","Art/Companion/Bear/GameplayPoses","copied","Matched expected filename"
"asset_0132","companion_bear_victory.png","BUX2\renamed_unsorted3_assets\companion_bear_victory.png","Assets\BUX\Art\Companion\Bear\GameplayPoses\companion_bear_victory.png","Art/Companion/Bear/GameplayPoses","copied","Matched expected filename"
"asset_0133","companion_bear_worried.png","BUX2\renamed_unsorted3_assets\companion_bear_worried.png","Assets\BUX\Art\Companion\Bear\GameplayPoses\companion_bear_worried.png","Art/Companion/Bear/GameplayPoses","copied","Matched expected filename"
"asset_0125","companion_bear_map_celebrate.png","BUX2\renamed_unsorted3_assets\companion_bear_map_celebrate.png","Assets\BUX\Art\Companion\Bear\MapPoses\companion_bear_map_celebrate.png","Art/Companion/Bear/MapPoses","copied","Matched expected filename"
"asset_0126","companion_bear_map_idle.png","BUX2\renamed_unsorted3_assets\companion_bear_map_idle.png","Assets\BUX\Art\Companion\Bear\MapPoses\companion_bear_map_idle.png","Art/Companion/Bear/MapPoses","copied","Matched expected filename"
"asset_0127","companion_bear_map_open_chest.png","BUX2\renamed_unsorted3_assets\companion_bear_map_open_chest.png","Assets\BUX\Art\Companion\Bear\MapPoses\companion_bear_map_open_chest.png","Art/Companion/Bear/MapPoses","copied","Matched expected filename"
"asset_0128","companion_bear_map_walk_01.png","BUX2\renamed_unsorted3_assets\companion_bear_map_walk_01.png","Assets\BUX\Art\Companion\Bear\MapPoses\companion_bear_map_walk_01.png","Art/Companion/Bear/MapPoses","copied","Matched expected filename"
"asset_0129","companion_bear_map_walk_02.png","BUX2\renamed_unsorted3_assets\companion_bear_map_walk_02.png","Assets\BUX\Art\Companion\Bear\MapPoses\companion_bear_map_walk_02.png","Art/Companion/Bear/MapPoses","copied","Matched expected filename"
"asset_0130","companion_bear_map_wave.png","BUX2\renamed_unsorted3_assets\companion_bear_map_wave.png","Assets\BUX\Art\Companion\Bear\MapPoses\companion_bear_map_wave.png","Art/Companion/Bear/MapPoses","copied","Matched expected filename"
"asset_0483","event_board_skins_atlas.png","BUX2\renamed_unsorted4_assets\event_board_skins_atlas.png","Assets\BUX\Art\Events\HoneyHarvest\event_board_skins_atlas.png","Art/Events/HoneyHarvest","copied","Intentional mirrored copy; file is also a board skin atlas"
"asset_0177","event_honey_board_frame.png","BUX2\renamed_unsorted4_assets\event_honey_board_frame.png","Assets\BUX\Art\Events\HoneyHarvest\event_honey_board_frame.png","Art/Events/HoneyHarvest","copied","Matched expected filename"
"asset_0178","event_honey_chest_closed.png","BUX2\renamed_unsorted4_assets\event_honey_chest_closed.png","Assets\BUX\Art\Events\HoneyHarvest\event_honey_chest_closed.png","Art/Events/HoneyHarvest","copied","Matched expected filename"
"asset_0179","event_honey_chest_open.png","BUX2\renamed_unsorted4_assets\event_honey_chest_open.png","Assets\BUX\Art\Events\HoneyHarvest\event_honey_chest_open.png","Art/Events/HoneyHarvest","copied","Matched expected filename"
"asset_0482","event_honey_harvest_background.png","BUX2\renamed_unsorted4_assets\event_honey_harvest_background.png","Assets\BUX\Art\Events\HoneyHarvest\event_honey_harvest_background.png","Art/Events/HoneyHarvest","copied","Intentional mirrored copy; file is also an event background"
"asset_0181","event_honey_harvest_button.png","BUX2\renamed_unsorted4_assets\event_honey_harvest_button.png","Assets\BUX\Art\Events\HoneyHarvest\event_honey_harvest_button.png","Art/Events/HoneyHarvest","copied","Matched expected filename"
"asset_0182","event_honey_harvest_logo.png","BUX2\renamed_unsorted4_assets\event_honey_harvest_logo.png","Assets\BUX\Art\Events\HoneyHarvest\event_honey_harvest_logo.png","Art/Events/HoneyHarvest","copied","Matched expected filename"
"asset_0183","event_honey_progress_bar.png","BUX2\renamed_unsorted4_assets\event_honey_progress_bar.png","Assets\BUX\Art\Events\HoneyHarvest\event_honey_progress_bar.png","Art/Events/HoneyHarvest","copied","Matched expected filename"
"asset_0184","event_honey_reward_track.png","BUX2\renamed_unsorted4_assets\event_honey_reward_track.png","Assets\BUX\Art\Events\HoneyHarvest\event_honey_reward_track.png","Art/Events/HoneyHarvest","copied","Matched expected filename"
"asset_0185","event_honey_token_large.png","BUX2\renamed_unsorted4_assets\event_honey_token_large.png","Assets\BUX\Art\Events\HoneyHarvest\event_honey_token_large.png","Art/Events/HoneyHarvest","copied","Matched expected filename"
"asset_0215","map_world_complete_banner.png","BUX2\renamed_unsorted4_assets\map_world_complete_banner.png","Assets\BUX\Art\Map\Gates\map_world_complete_banner.png","Art/Map/Gates","copied","Matched expected filename"
"asset_0217","map_world_gate_locked.png","BUX2\renamed_unsorted4_assets\map_world_gate_locked.png","Assets\BUX\Art\Map\Gates\map_world_gate_locked.png","Art/Map/Gates","copied","Matched expected filename"
"asset_0218","map_world_gate_open.png","BUX2\renamed_unsorted4_assets\map_world_gate_open.png","Assets\BUX\Art\Map\Gates\map_world_gate_open.png","Art/Map/Gates","copied","Matched expected filename"
"asset_0216","map_world_gates_atlas.png","BUX2\renamed_unsorted4_assets\map_world_gates_atlas.png","Assets\BUX\Art\Map\Gates\map_world_gates_atlas.png","Art/Map/Gates","copied","Matched expected filename"
"asset_0197","map_node_challenge.png","BUX2\renamed_unsorted4_assets\map_node_challenge.png","Assets\BUX\Art\Map\Nodes\map_node_challenge.png","Art/Map/Nodes","copied","Matched expected filename"
"asset_0198","map_node_chest.png","BUX2\renamed_unsorted4_assets\map_node_chest.png","Assets\BUX\Art\Map\Nodes\map_node_chest.png","Art/Map/Nodes","copied","Matched expected filename"
"asset_0199","map_node_completed_1_star.png","BUX2\renamed_unsorted4_assets\map_node_completed_1_star.png","Assets\BUX\Art\Map\Nodes\map_node_completed_1_star.png","Art/Map/Nodes","copied","Matched expected filename"
"asset_0200","map_node_completed_2_star.png","BUX2\renamed_unsorted4_assets\map_node_completed_2_star.png","Assets\BUX\Art\Map\Nodes\map_node_completed_2_star.png","Art/Map/Nodes","copied","Matched expected filename"
"asset_0201","map_node_completed_3_star.png","BUX2\renamed_unsorted4_assets\map_node_completed_3_star.png","Assets\BUX\Art\Map\Nodes\map_node_completed_3_star.png","Art/Map/Nodes","copied","Matched expected filename"
"asset_0202","map_node_current.png","BUX2\renamed_unsorted4_assets\map_node_current.png","Assets\BUX\Art\Map\Nodes\map_node_current.png","Art/Map/Nodes","copied","Matched expected filename"
"asset_0203","map_node_daily.png","BUX2\renamed_unsorted4_assets\map_node_daily.png","Assets\BUX\Art\Map\Nodes\map_node_daily.png","Art/Map/Nodes","copied","Matched expected filename"
"asset_0204","map_node_event.png","BUX2\renamed_unsorted4_assets\map_node_event.png","Assets\BUX\Art\Map\Nodes\map_node_event.png","Art/Map/Nodes","copied","Matched expected filename"
"asset_0205","map_node_hard.png","BUX2\renamed_unsorted4_assets\map_node_hard.png","Assets\BUX\Art\Map\Nodes\map_node_hard.png","Art/Map/Nodes","copied","Matched expected filename"
"asset_0206","map_node_locked.png","BUX2\renamed_unsorted4_assets\map_node_locked.png","Assets\BUX\Art\Map\Nodes\map_node_locked.png","Art/Map/Nodes","copied","Matched expected filename"
"asset_0207","map_node_super_hard.png","BUX2\renamed_unsorted4_assets\map_node_super_hard.png","Assets\BUX\Art\Map\Nodes\map_node_super_hard.png","Art/Map/Nodes","copied","Matched expected filename"
"asset_0208","map_node_unplayed.png","BUX2\renamed_unsorted4_assets\map_node_unplayed.png","Assets\BUX\Art\Map\Nodes\map_node_unplayed.png","Art/Map/Nodes","copied","Matched expected filename"
"asset_0196","map_nodes_atlas.png","BUX2\renamed_unsorted4_assets\map_nodes_atlas.png","Assets\BUX\Art\Map\Nodes\map_nodes_atlas.png","Art/Map/Nodes","copied","Matched expected filename"
"asset_0210","map_path_bridge.png","BUX2\renamed_unsorted4_assets\map_path_bridge.png","Assets\BUX\Art\Map\Paths\map_path_bridge.png","Art/Map/Paths","copied","Matched expected filename"
"asset_0211","map_path_curve_left.png","BUX2\renamed_unsorted4_assets\map_path_curve_left.png","Assets\BUX\Art\Map\Paths\map_path_curve_left.png","Art/Map/Paths","copied","Matched expected filename"
"asset_0212","map_path_curve_right.png","BUX2\renamed_unsorted4_assets\map_path_curve_right.png","Assets\BUX\Art\Map\Paths\map_path_curve_right.png","Art/Map/Paths","copied","Matched expected filename"
"asset_0213","map_path_straight.png","BUX2\renamed_unsorted4_assets\map_path_straight.png","Assets\BUX\Art\Map\Paths\map_path_straight.png","Art/Map/Paths","copied","Matched expected filename"
"asset_0214","map_path_vertical.png","BUX2\renamed_unsorted4_assets\map_path_vertical.png","Assets\BUX\Art\Map\Paths\map_path_vertical.png","Art/Map/Paths","copied","Matched expected filename"
"asset_0209","map_paths_atlas.png","BUX2\renamed_unsorted4_assets\map_paths_atlas.png","Assets\BUX\Art\Map\Paths\map_paths_atlas.png","Art/Map/Paths","copied","Matched expected filename"
"asset_0481","meta_bear_village_background.png","BUX2\renamed_unsorted3_assets\meta_bear_village_background.png","Assets\BUX\Art\Meta\BearVillage\Backgrounds\meta_bear_village_background.png","Art/Meta/BearVillage/Backgrounds","copied","Intentional mirrored copy; file is also a meta background"
"asset_0147","meta_building_bee_garden_level_01.png","BUX2\renamed_unsorted3_assets\meta_building_bee_garden_level_01.png","Assets\BUX\Art\Meta\BearVillage\Buildings\BeeGarden\meta_building_bee_garden_level_01.png","Art/Meta/BearVillage/Buildings/BeeGarden","copied","Matched expected filename"
"asset_0148","meta_building_bee_garden_level_02.png","BUX2\renamed_unsorted3_assets\meta_building_bee_garden_level_02.png","Assets\BUX\Art\Meta\BearVillage\Buildings\BeeGarden\meta_building_bee_garden_level_02.png","Art/Meta/BearVillage/Buildings/BeeGarden","copied","Matched expected filename"
"asset_0149","meta_building_bee_garden_level_03.png","BUX2\renamed_unsorted3_assets\meta_building_bee_garden_level_03.png","Assets\BUX\Art\Meta\BearVillage\Buildings\BeeGarden\meta_building_bee_garden_level_03.png","Art/Meta/BearVillage/Buildings/BeeGarden","copied","Matched expected filename"
"asset_0150","meta_building_berry_stand_level_01.png","BUX2\renamed_unsorted3_assets\meta_building_berry_stand_level_01.png","Assets\BUX\Art\Meta\BearVillage\Buildings\BerryStand\meta_building_berry_stand_level_01.png","Art/Meta/BearVillage/Buildings/BerryStand","copied","Matched expected filename"
"asset_0151","meta_building_berry_stand_level_02.png","BUX2\renamed_unsorted3_assets\meta_building_berry_stand_level_02.png","Assets\BUX\Art\Meta\BearVillage\Buildings\BerryStand\meta_building_berry_stand_level_02.png","Art/Meta/BearVillage/Buildings/BerryStand","copied","Matched expected filename"
"asset_0152","meta_building_berry_stand_level_03.png","BUX2\renamed_unsorted3_assets\meta_building_berry_stand_level_03.png","Assets\BUX\Art\Meta\BearVillage\Buildings\BerryStand\meta_building_berry_stand_level_03.png","Art/Meta/BearVillage/Buildings/BerryStand","copied","Matched expected filename"
"asset_0153","meta_building_honey_hut_level_01.png","BUX2\renamed_unsorted3_assets\meta_building_honey_hut_level_01.png","Assets\BUX\Art\Meta\BearVillage\Buildings\HoneyHut\meta_building_honey_hut_level_01.png","Art/Meta/BearVillage/Buildings/HoneyHut","copied","Matched expected filename"
"asset_0154","meta_building_honey_hut_level_02.png","BUX2\renamed_unsorted3_assets\meta_building_honey_hut_level_02.png","Assets\BUX\Art\Meta\BearVillage\Buildings\HoneyHut\meta_building_honey_hut_level_02.png","Art/Meta/BearVillage/Buildings/HoneyHut","copied","Matched expected filename"
"asset_0155","meta_building_honey_hut_level_03.png","BUX2\renamed_unsorted3_assets\meta_building_honey_hut_level_03.png","Assets\BUX\Art\Meta\BearVillage\Buildings\HoneyHut\meta_building_honey_hut_level_03.png","Art/Meta/BearVillage/Buildings/HoneyHut","copied","Matched expected filename"
"asset_0156","meta_building_mushroom_house_level_01.png","BUX2\renamed_unsorted3_assets\meta_building_mushroom_house_level_01.png","Assets\BUX\Art\Meta\BearVillage\Buildings\MushroomHouse\meta_building_mushroom_house_level_01.png","Art/Meta/BearVillage/Buildings/MushroomHouse","copied","Matched expected filename"
"asset_0157","meta_building_mushroom_house_level_02.png","BUX2\renamed_unsorted3_assets\meta_building_mushroom_house_level_02.png","Assets\BUX\Art\Meta\BearVillage\Buildings\MushroomHouse\meta_building_mushroom_house_level_02.png","Art/Meta/BearVillage/Buildings/MushroomHouse","copied","Matched expected filename"
"asset_0158","meta_building_mushroom_house_level_03.png","BUX2\renamed_unsorted3_assets\meta_building_mushroom_house_level_03.png","Assets\BUX\Art\Meta\BearVillage\Buildings\MushroomHouse\meta_building_mushroom_house_level_03.png","Art/Meta/BearVillage/Buildings/MushroomHouse","copied","Matched expected filename"
"asset_0159","meta_building_picnic_area_level_01.png","BUX2\renamed_unsorted3_assets\meta_building_picnic_area_level_01.png","Assets\BUX\Art\Meta\BearVillage\Buildings\PicnicArea\meta_building_picnic_area_level_01.png","Art/Meta/BearVillage/Buildings/PicnicArea","copied","Matched expected filename"
"asset_0160","meta_building_picnic_area_level_02.png","BUX2\renamed_unsorted3_assets\meta_building_picnic_area_level_02.png","Assets\BUX\Art\Meta\BearVillage\Buildings\PicnicArea\meta_building_picnic_area_level_02.png","Art/Meta/BearVillage/Buildings/PicnicArea","copied","Matched expected filename"
"asset_0161","meta_building_picnic_area_level_03.png","BUX2\renamed_unsorted3_assets\meta_building_picnic_area_level_03.png","Assets\BUX\Art\Meta\BearVillage\Buildings\PicnicArea\meta_building_picnic_area_level_03.png","Art/Meta/BearVillage/Buildings/PicnicArea","copied","Matched expected filename"
"asset_0162","meta_empty_plot_large.png","BUX2\renamed_unsorted3_assets\meta_empty_plot_large.png","Assets\BUX\Art\Meta\BearVillage\Plots\meta_empty_plot_large.png","Art/Meta/BearVillage/Plots","copied","Matched expected filename"
"asset_0163","meta_empty_plot_medium.png","BUX2\renamed_unsorted3_assets\meta_empty_plot_medium.png","Assets\BUX\Art\Meta\BearVillage\Plots\meta_empty_plot_medium.png","Art/Meta/BearVillage/Plots","copied","Matched expected filename"
"asset_0164","meta_empty_plot_small.png","BUX2\renamed_unsorted3_assets\meta_empty_plot_small.png","Assets\BUX\Art\Meta\BearVillage\Plots\meta_empty_plot_small.png","Art/Meta/BearVillage/Plots","copied","Matched expected filename"
"asset_0002","blocker_ice_cracked.png","BUX2\blocker_ice_cracked.png","Assets\BUX\Art\Tiles\Blockers\blocker_ice_cracked.png","Art/Tiles/Blockers","copied","Matched expected filename"
"asset_0003","blocker_ice_full.png","BUX2\blocker_ice_full.png","Assets\BUX\Art\Tiles\Blockers\blocker_ice_full.png","Art/Tiles/Blockers","copied","Matched expected filename"
"asset_0004","blocker_pebble_cracked_01.png","BUX2\blocker_pebble_cracked_01.png","Assets\BUX\Art\Tiles\Blockers\blocker_pebble_cracked_01.png","Art/Tiles/Blockers","copied","Matched expected filename"
"asset_0005","blocker_pebble_cracked_02.png","BUX2\blocker_pebble_cracked_02.png","Assets\BUX\Art\Tiles\Blockers\blocker_pebble_cracked_02.png","Art/Tiles/Blockers","copied","Matched expected filename"
"asset_0006","blocker_pebble_full.png","BUX2\blocker_pebble_full.png","Assets\BUX\Art\Tiles\Blockers\blocker_pebble_full.png","Art/Tiles/Blockers","copied","Matched expected filename"
"asset_0007","blocker_vine_cut_01.png","BUX2\blocker_vine_cut_01.png","Assets\BUX\Art\Tiles\Blockers\blocker_vine_cut_01.png","Art/Tiles/Blockers","copied","Matched expected filename"
"asset_0008","blocker_vine_full.png","BUX2\blocker_vine_full.png","Assets\BUX\Art\Tiles\Blockers\blocker_vine_full.png","Art/Tiles/Blockers","copied","Matched expected filename"
"asset_0293","covered_moss_tile.png","BUX2\TILES\covered_moss_tile.png","Assets\BUX\Art\Tiles\Blockers\covered_moss_tile.png","Art/Tiles/Blockers","copied","Matched expected filename"
"asset_0296","moss_patch_tile.png","BUX2\TILES\moss_patch_tile.png","Assets\BUX\Art\Tiles\Blockers\moss_patch_tile.png","Art/Tiles/Blockers","copied","Matched expected filename"
"asset_0010","booster_hammer_icon.png","BUX2\booster_hammer_icon.png","Assets\BUX\Art\Tiles\Boosters\booster_hammer_icon.png","Art/Tiles/Boosters","copied","Matched expected filename"
"asset_0069","booster_magic_glove_icon.png","BUX2\renamed_matched_assets\booster_magic_glove_icon.png","Assets\BUX\Art\Tiles\Boosters\booster_magic_glove_icon.png","Art/Tiles/Boosters","copied","Matched expected filename"
"asset_0011","booster_paint_brush_icon.png","BUX2\booster_paint_brush_icon.png","Assets\BUX\Art\Tiles\Boosters\booster_paint_brush_icon.png","Art/Tiles/Boosters","copied","Matched expected filename"
"asset_0302","shovel_booster_tile.png","BUX2\TILES\shovel_booster_tile.png","Assets\BUX\Art\Tiles\Boosters\shovel_booster_tile.png","Art/Tiles/Boosters","copied","Matched expected filename"
"asset_0288","acorn_tile.png","BUX2\TILES\acorn_tile.png","Assets\BUX\Art\Tiles\Core\acorn_tile.png","Art/Tiles/Core","copied","Matched expected filename"
"asset_0118","bear_head_tile.png","BUX2\TILES\bear_head_tile.png","Assets\BUX\Art\Tiles\Core\bear_head_tile.png","Art/Tiles/Core","copied","Matched expected filename"
"asset_0290","bee_tile.png","BUX2\TILES\bee_tile.png","Assets\BUX\Art\Tiles\Core\bee_tile.png","Art/Tiles/Core","copied","Matched expected filename"
"asset_0292","blueberry_tile.png","BUX2\TILES\blueberry_tile.png","Assets\BUX\Art\Tiles\Core\blueberry_tile.png","Art/Tiles/Core","copied","Matched expected filename"
"asset_0294","green_leaf_tile.png","BUX2\TILES\green_leaf_tile.png","Assets\BUX\Art\Tiles\Core\green_leaf_tile.png","Art/Tiles/Core","copied","Matched expected filename"
"asset_0297","mushroom_tile.png","BUX2\TILES\mushroom_tile.png","Assets\BUX\Art\Tiles\Core\mushroom_tile.png","Art/Tiles/Core","copied","Matched expected filename"
"asset_0298","pink_flower_tile.png","BUX2\TILES\pink_flower_tile.png","Assets\BUX\Art\Tiles\Core\pink_flower_tile.png","Art/Tiles/Core","copied","Matched expected filename"
"asset_0301","red_berry_tile.png","BUX2\TILES\red_berry_tile.png","Assets\BUX\Art\Tiles\Core\red_berry_tile.png","Art/Tiles/Core","copied","Matched expected filename"
"asset_0305","white_daisy_tile.png","BUX2\TILES\white_daisy_tile.png","Assets\BUX\Art\Tiles\Core\white_daisy_tile.png","Art/Tiles/Core","copied","Matched expected filename"
"asset_0289","basket_tile.png","BUX2\TILES\basket_tile.png","Assets\BUX\Art\Tiles\Objectives\basket_tile.png","Art/Tiles/Objectives","copied","Matched expected filename"
"asset_0295","honey_pot_tile.png","BUX2\TILES\honey_pot_tile.png","Assets\BUX\Art\Tiles\Objectives\honey_pot_tile.png","Art/Tiles/Objectives","copied","Matched expected filename"
"asset_0247","objective_acorn_nest_empty.png","BUX2\sound\renamed_unsorted6_assets\objective_acorn_nest_empty.png","Assets\BUX\Art\Tiles\Objectives\objective_acorn_nest_empty.png","Art/Tiles/Objectives","copied","Matched expected filename"
"asset_0248","objective_acorn_nest_fill_01.png","BUX2\sound\renamed_unsorted6_assets\objective_acorn_nest_fill_01.png","Assets\BUX\Art\Tiles\Objectives\objective_acorn_nest_fill_01.png","Art/Tiles/Objectives","copied","Matched expected filename"
"asset_0249","objective_acorn_nest_fill_02.png","BUX2\sound\renamed_unsorted6_assets\objective_acorn_nest_fill_02.png","Assets\BUX\Art\Tiles\Objectives\objective_acorn_nest_fill_02.png","Art/Tiles/Objectives","copied","Matched expected filename"
"asset_0250","objective_acorn_nest_full.png","BUX2\sound\renamed_unsorted6_assets\objective_acorn_nest_full.png","Assets\BUX\Art\Tiles\Objectives\objective_acorn_nest_full.png","Art/Tiles/Objectives","copied","Matched expected filename"
"asset_0251","objective_basket_empty.png","BUX2\sound\renamed_unsorted6_assets\objective_basket_empty.png","Assets\BUX\Art\Tiles\Objectives\objective_basket_empty.png","Art/Tiles/Objectives","copied","Matched expected filename"
"asset_0252","objective_basket_fill_01.png","BUX2\sound\renamed_unsorted6_assets\objective_basket_fill_01.png","Assets\BUX\Art\Tiles\Objectives\objective_basket_fill_01.png","Art/Tiles/Objectives","copied","Matched expected filename"
"asset_0253","objective_basket_fill_02.png","BUX2\sound\renamed_unsorted6_assets\objective_basket_fill_02.png","Assets\BUX\Art\Tiles\Objectives\objective_basket_fill_02.png","Art/Tiles/Objectives","copied","Matched expected filename"
"asset_0104","objective_basket_full.png","BUX2\renamed_matched_assets\objective_basket_full.png","Assets\BUX\Art\Tiles\Objectives\objective_basket_full.png","Art/Tiles/Objectives","copied","Matched expected filename"
"asset_0254","objective_honey_pot_cracked.png","BUX2\sound\renamed_unsorted6_assets\objective_honey_pot_cracked.png","Assets\BUX\Art\Tiles\Objectives\objective_honey_pot_cracked.png","Art/Tiles/Objectives","copied","Matched expected filename"
"asset_0255","objective_honey_pot_empty.png","BUX2\sound\renamed_unsorted6_assets\objective_honey_pot_empty.png","Assets\BUX\Art\Tiles\Objectives\objective_honey_pot_empty.png","Art/Tiles/Objectives","copied","Matched expected filename"
"asset_0105","objective_honey_pot_open.png","BUX2\renamed_matched_assets\objective_honey_pot_open.png","Assets\BUX\Art\Tiles\Objectives\objective_honey_pot_open.png","Art/Tiles/Objectives","copied","Matched expected filename"
"asset_0291","berry_bomb_tile.png","BUX2\TILES\berry_bomb_tile.png","Assets\BUX\Art\Tiles\Specials\berry_bomb_tile.png","Art/Tiles/Specials","copied","Matched expected filename"
"asset_0299","rainbow_blast_orb_tile.png","BUX2\TILES\rainbow_blast_orb_tile.png","Assets\BUX\Art\Tiles\Specials\rainbow_blast_orb_tile.png","Art/Tiles/Specials","copied","Matched expected filename"
"asset_0300","rainbow_flower_tile.png","BUX2\TILES\rainbow_flower_tile.png","Assets\BUX\Art\Tiles\Specials\rainbow_flower_tile.png","Art/Tiles/Specials","copied","Matched expected filename"
"asset_0106","special_rocket_base.png","BUX2\renamed_matched_assets\special_rocket_base.png","Assets\BUX\Art\Tiles\Specials\special_rocket_base.png","Art/Tiles/Specials","copied","Matched expected filename"
"asset_0256","special_rocket_horizontal.png","BUX2\sound\renamed_unsorted6_assets\special_rocket_horizontal.png","Assets\BUX\Art\Tiles\Specials\special_rocket_horizontal.png","Art/Tiles/Specials","copied","Matched expected filename"
"asset_0257","special_rocket_vertical.png","BUX2\sound\renamed_unsorted6_assets\special_rocket_vertical.png","Assets\BUX\Art\Tiles\Specials\special_rocket_vertical.png","Art/Tiles/Specials","copied","Matched expected filename"
"asset_0303","striped_berry_rocket_tile.png","BUX2\TILES\striped_berry_rocket_tile.png","Assets\BUX\Art\Tiles\Specials\striped_berry_rocket_tile.png","Art/Tiles/Specials","copied","Matched expected filename"
"asset_0304","super_berry_booster_tile.png","BUX2\TILES\super_berry_booster_tile.png","Assets\BUX\Art\Tiles\Specials\super_berry_booster_tile.png","Art/Tiles/Specials","copied","Matched expected filename"
"asset_0107","ui_button_buy.png","BUX2\renamed_matched_assets\ui_button_buy.png","Assets\BUX\Art\UI\Buttons\ui_button_buy.png","Art/UI/Buttons","copied","Matched expected filename"
"asset_0108","ui_button_challenge_friend.png","BUX2\renamed_matched_assets\ui_button_challenge_friend.png","Assets\BUX\Art\UI\Buttons\ui_button_challenge_friend.png","Art/UI/Buttons","copied","Matched expected filename"
"asset_0109","ui_button_claim.png","BUX2\renamed_matched_assets\ui_button_claim.png","Assets\BUX\Art\UI\Buttons\ui_button_claim.png","Art/UI/Buttons","copied","Matched expected filename"
"asset_0228","ui_button_close.png","BUX2\sound\ui_button_close.png","Assets\BUX\Art\UI\Buttons\ui_button_close.png","Art/UI/Buttons","copied","Matched expected filename"
"asset_0110","ui_button_continue.png","BUX2\renamed_matched_assets\ui_button_continue.png","Assets\BUX\Art\UI\Buttons\ui_button_continue.png","Art/UI/Buttons","copied","Matched expected filename"
"asset_0111","ui_button_disabled.png","BUX2\renamed_matched_assets\ui_button_disabled.png","Assets\BUX\Art\UI\Buttons\ui_button_disabled.png","Art/UI/Buttons","copied","Matched expected filename"
"asset_0112","ui_button_equip.png","BUX2\renamed_matched_assets\ui_button_equip.png","Assets\BUX\Art\UI\Buttons\ui_button_equip.png","Art/UI/Buttons","copied","Matched expected filename"
"asset_0113","ui_button_play.png","BUX2\renamed_matched_assets\ui_button_play.png","Assets\BUX\Art\UI\Buttons\ui_button_play.png","Art/UI/Buttons","copied","Matched expected filename"
"asset_0114","ui_button_primary.png","BUX2\renamed_matched_assets\ui_button_primary.png","Assets\BUX\Art\UI\Buttons\ui_button_primary.png","Art/UI/Buttons","copied","Matched expected filename"
"asset_0115","ui_button_rematch.png","BUX2\renamed_matched_assets\ui_button_rematch.png","Assets\BUX\Art\UI\Buttons\ui_button_rematch.png","Art/UI/Buttons","copied","Matched expected filename"
"asset_0116","ui_button_retry.png","BUX2\renamed_matched_assets\ui_button_retry.png","Assets\BUX\Art\UI\Buttons\ui_button_retry.png","Art/UI/Buttons","copied","Matched expected filename"
"asset_0117","ui_button_secondary.png","BUX2\renamed_matched_assets\ui_button_secondary.png","Assets\BUX\Art\UI\Buttons\ui_button_secondary.png","Art/UI/Buttons","copied","Matched expected filename"
"asset_0165","avatar_frame_champion.png","BUX2\renamed_unsorted4_assets\avatar_frame_champion.png","Assets\BUX\Art\UI\Challenge\avatar_frame_champion.png","Art/UI/Challenge","copied","Matched expected filename"
"asset_0166","avatar_frame_common.png","BUX2\renamed_unsorted4_assets\avatar_frame_common.png","Assets\BUX\Art\UI\Challenge\avatar_frame_common.png","Art/UI/Challenge","copied","Matched expected filename"
"asset_0167","avatar_frame_event.png","BUX2\renamed_unsorted4_assets\avatar_frame_event.png","Assets\BUX\Art\UI\Challenge\avatar_frame_event.png","Art/UI/Challenge","copied","Matched expected filename"
"asset_0168","avatar_frame_rare.png","BUX2\renamed_unsorted4_assets\avatar_frame_rare.png","Assets\BUX\Art\UI\Challenge\avatar_frame_rare.png","Art/UI/Challenge","copied","Matched expected filename"
"asset_0070","challenge_draw_banner.png","BUX2\renamed_matched_assets\challenge_draw_banner.png","Assets\BUX\Art\UI\Challenge\challenge_draw_banner.png","Art/UI/Challenge","copied","Matched expected filename"
"asset_0071","challenge_fair_mode_badge.png","BUX2\renamed_matched_assets\challenge_fair_mode_badge.png","Assets\BUX\Art\UI\Challenge\challenge_fair_mode_badge.png","Art/UI/Challenge","copied","Matched expected filename"
"asset_0072","challenge_invite_panel.png","BUX2\renamed_matched_assets\challenge_invite_panel.png","Assets\BUX\Art\UI\Challenge\challenge_invite_panel.png","Art/UI/Challenge","copied","Matched expected filename"
"asset_0073","challenge_leaderboard_panel.png","BUX2\renamed_matched_assets\challenge_leaderboard_panel.png","Assets\BUX\Art\UI\Challenge\challenge_leaderboard_panel.png","Art/UI/Challenge","copied","Matched expected filename"
"asset_0074","challenge_lose_banner.png","BUX2\renamed_matched_assets\challenge_lose_banner.png","Assets\BUX\Art\UI\Challenge\challenge_lose_banner.png","Art/UI/Challenge","copied","Matched expected filename"
"asset_0075","challenge_new_record_banner.png","BUX2\renamed_matched_assets\challenge_new_record_banner.png","Assets\BUX\Art\UI\Challenge\challenge_new_record_banner.png","Art/UI/Challenge","copied","Matched expected filename"
"asset_0076","challenge_result_panel.png","BUX2\renamed_matched_assets\challenge_result_panel.png","Assets\BUX\Art\UI\Challenge\challenge_result_panel.png","Art/UI/Challenge","copied","Matched expected filename"
"asset_0077","challenge_same_seed_badge.png","BUX2\renamed_matched_assets\challenge_same_seed_badge.png","Assets\BUX\Art\UI\Challenge\challenge_same_seed_badge.png","Art/UI/Challenge","copied","Matched expected filename"
"asset_0078","challenge_timer_badge.png","BUX2\renamed_matched_assets\challenge_timer_badge.png","Assets\BUX\Art\UI\Challenge\challenge_timer_badge.png","Art/UI/Challenge","copied","Matched expected filename"
"asset_0079","challenge_win_banner.png","BUX2\renamed_matched_assets\challenge_win_banner.png","Assets\BUX\Art\UI\Challenge\challenge_win_banner.png","Art/UI/Challenge","copied","Matched expected filename"
"asset_0098","leaderboard_rank_badge_1.png","BUX2\renamed_matched_assets\leaderboard_rank_badge_1.png","Assets\BUX\Art\UI\Challenge\leaderboard_rank_badge_1.png","Art/UI/Challenge","copied","Matched expected filename"
"asset_0099","leaderboard_rank_badge_2.png","BUX2\renamed_matched_assets\leaderboard_rank_badge_2.png","Assets\BUX\Art\UI\Challenge\leaderboard_rank_badge_2.png","Art/UI/Challenge","copied","Matched expected filename"
"asset_0100","leaderboard_rank_badge_3.png","BUX2\renamed_matched_assets\leaderboard_rank_badge_3.png","Assets\BUX\Art\UI\Challenge\leaderboard_rank_badge_3.png","Art/UI/Challenge","copied","Matched expected filename"
"asset_0101","leaderboard_row_friend.png","BUX2\renamed_matched_assets\leaderboard_row_friend.png","Assets\BUX\Art\UI\Challenge\leaderboard_row_friend.png","Art/UI/Challenge","copied","Matched expected filename"
"asset_0102","leaderboard_row_normal.png","BUX2\renamed_matched_assets\leaderboard_row_normal.png","Assets\BUX\Art\UI\Challenge\leaderboard_row_normal.png","Art/UI/Challenge","copied","Matched expected filename"
"asset_0103","leaderboard_row_self.png","BUX2\renamed_matched_assets\leaderboard_row_self.png","Assets\BUX\Art\UI\Challenge\leaderboard_row_self.png","Art/UI/Challenge","copied","Matched expected filename"
"asset_0014","bux_puzzle_logo.png","BUX2\bux_puzzle_logo.png","Assets\BUX\Art\UI\HUD\bux_puzzle_logo.png","Art/UI/HUD","copied","Matched expected filename"
"asset_0019","goal_panel.png","BUX2\goal_panel.png","Assets\BUX\Art\UI\HUD\goal_panel.png","Art/UI/HUD","copied","Matched expected filename"
"asset_0020","info_button.png","BUX2\info_button.png","Assets\BUX\Art\UI\HUD\info_button.png","Art/UI/HUD","copied","Matched expected filename"
"asset_0021","level_panel.png","BUX2\level_panel.png","Assets\BUX\Art\UI\HUD\level_panel.png","Art/UI/HUD","copied","Matched expected filename"
"asset_0022","menu_button.png","BUX2\menu_button.png","Assets\BUX\Art\UI\HUD\menu_button.png","Art/UI/HUD","copied","Matched expected filename"
"asset_0023","moves_left_panel.png","BUX2\moves_left_panel.png","Assets\BUX\Art\UI\HUD\moves_left_panel.png","Art/UI/HUD","copied","Matched expected filename"
"asset_0026","score_panel.png","BUX2\score_panel.png","Assets\BUX\Art\UI\HUD\score_panel.png","Art/UI/HUD","copied","Matched expected filename"
"asset_0027","settings_button.png","BUX2\settings_button.png","Assets\BUX\Art\UI\HUD\settings_button.png","Art/UI/HUD","copied","Matched expected filename"
"asset_0032","ui_booster_bar_panel.png","BUX2\ui_booster_bar_panel.png","Assets\BUX\Art\UI\HUD\ui_booster_bar_panel.png","Art/UI/HUD","copied","Matched expected filename"
"asset_0230","goal_icon_acorn.png","BUX2\sound\renamed_unsorted6_assets\goal_icon_acorn.png","Assets\BUX\Art\UI\Icons\Goals\goal_icon_acorn.png","Art/UI/Icons/Goals","copied","Matched expected filename"
"asset_0231","goal_icon_basket.png","BUX2\sound\renamed_unsorted6_assets\goal_icon_basket.png","Assets\BUX\Art\UI\Icons\Goals\goal_icon_basket.png","Art/UI/Icons/Goals","copied","Matched expected filename"
"asset_0232","goal_icon_blueberry.png","BUX2\sound\renamed_unsorted6_assets\goal_icon_blueberry.png","Assets\BUX\Art\UI\Icons\Goals\goal_icon_blueberry.png","Art/UI/Icons/Goals","copied","Matched expected filename"
"asset_0233","goal_icon_bomb.png","BUX2\sound\renamed_unsorted6_assets\goal_icon_bomb.png","Assets\BUX\Art\UI\Icons\Goals\goal_icon_bomb.png","Art/UI/Icons/Goals","copied","Matched expected filename"
"asset_0234","goal_icon_covered_moss.png","BUX2\sound\renamed_unsorted6_assets\goal_icon_covered_moss.png","Assets\BUX\Art\UI\Icons\Goals\goal_icon_covered_moss.png","Art/UI/Icons/Goals","copied","Matched expected filename"
"asset_0235","goal_icon_daisy.png","BUX2\sound\renamed_unsorted6_assets\goal_icon_daisy.png","Assets\BUX\Art\UI\Icons\Goals\goal_icon_daisy.png","Art/UI/Icons/Goals","copied","Matched expected filename"
"asset_0236","goal_icon_flower.png","BUX2\sound\renamed_unsorted6_assets\goal_icon_flower.png","Assets\BUX\Art\UI\Icons\Goals\goal_icon_flower.png","Art/UI/Icons/Goals","copied","Matched expected filename"
"asset_0237","goal_icon_honey_pot.png","BUX2\sound\renamed_unsorted6_assets\goal_icon_honey_pot.png","Assets\BUX\Art\UI\Icons\Goals\goal_icon_honey_pot.png","Art/UI/Icons/Goals","copied","Matched expected filename"
"asset_0238","goal_icon_ice.png","BUX2\sound\renamed_unsorted6_assets\goal_icon_ice.png","Assets\BUX\Art\UI\Icons\Goals\goal_icon_ice.png","Art/UI/Icons/Goals","copied","Matched expected filename"
"asset_0239","goal_icon_leaf.png","BUX2\sound\renamed_unsorted6_assets\goal_icon_leaf.png","Assets\BUX\Art\UI\Icons\Goals\goal_icon_leaf.png","Art/UI/Icons/Goals","copied","Matched expected filename"
"asset_0240","goal_icon_moss.png","BUX2\sound\renamed_unsorted6_assets\goal_icon_moss.png","Assets\BUX\Art\UI\Icons\Goals\goal_icon_moss.png","Art/UI/Icons/Goals","copied","Matched expected filename"
"asset_0241","goal_icon_mushroom.png","BUX2\sound\renamed_unsorted6_assets\goal_icon_mushroom.png","Assets\BUX\Art\UI\Icons\Goals\goal_icon_mushroom.png","Art/UI/Icons/Goals","copied","Matched expected filename"
"asset_0242","goal_icon_pebble.png","BUX2\sound\renamed_unsorted6_assets\goal_icon_pebble.png","Assets\BUX\Art\UI\Icons\Goals\goal_icon_pebble.png","Art/UI/Icons/Goals","copied","Matched expected filename"
"asset_0243","goal_icon_rainbow_orb.png","BUX2\sound\renamed_unsorted6_assets\goal_icon_rainbow_orb.png","Assets\BUX\Art\UI\Icons\Goals\goal_icon_rainbow_orb.png","Art/UI/Icons/Goals","copied","Matched expected filename"
"asset_0244","goal_icon_red_berry.png","BUX2\sound\renamed_unsorted6_assets\goal_icon_red_berry.png","Assets\BUX\Art\UI\Icons\Goals\goal_icon_red_berry.png","Art/UI/Icons/Goals","copied","Matched expected filename"
"asset_0245","goal_icon_rocket.png","BUX2\sound\renamed_unsorted6_assets\goal_icon_rocket.png","Assets\BUX\Art\UI\Icons\Goals\goal_icon_rocket.png","Art/UI/Icons/Goals","copied","Matched expected filename"
"asset_0246","goal_icon_vine.png","BUX2\sound\renamed_unsorted6_assets\goal_icon_vine.png","Assets\BUX\Art\UI\Icons\Goals\goal_icon_vine.png","Art/UI/Icons/Goals","copied","Matched expected filename"
"asset_0090","icon_booster_fragment.png","BUX2\renamed_matched_assets\icon_booster_fragment.png","Assets\BUX\Art\UI\Icons\icon_booster_fragment.png","Art/UI/Icons","copied","Matched expected filename"
"asset_0091","icon_coin.png","BUX2\renamed_matched_assets\icon_coin.png","Assets\BUX\Art\UI\Icons\icon_coin.png","Art/UI/Icons","copied","Matched expected filename"
"asset_0092","icon_cosmetic_shard.png","BUX2\renamed_matched_assets\icon_cosmetic_shard.png","Assets\BUX\Art\UI\Icons\icon_cosmetic_shard.png","Art/UI/Icons","copied","Matched expected filename"
"asset_0093","icon_heart_life.png","BUX2\renamed_matched_assets\icon_heart_life.png","Assets\BUX\Art\UI\Icons\icon_heart_life.png","Art/UI/Icons","copied","Matched expected filename"
"asset_0094","icon_honey_token.png","BUX2\renamed_matched_assets\icon_honey_token.png","Assets\BUX\Art\UI\Icons\icon_honey_token.png","Art/UI/Icons","copied","Matched expected filename"
"asset_0095","icon_key.png","BUX2\renamed_matched_assets\icon_key.png","Assets\BUX\Art\UI\Icons\icon_key.png","Art/UI/Icons","copied","Matched expected filename"
"asset_0096","icon_star.png","BUX2\renamed_matched_assets\icon_star.png","Assets\BUX\Art\UI\Icons\icon_star.png","Art/UI/Icons","copied","Matched expected filename"
"asset_0097","icon_trophy.png","BUX2\renamed_matched_assets\icon_trophy.png","Assets\BUX\Art\UI\Icons\icon_trophy.png","Art/UI/Icons","copied","Matched expected filename"
"asset_0033","ui_challenge_result_popup.png","BUX2\ui_challenge_result_popup.png","Assets\BUX\Art\UI\Popups\ui_challenge_result_popup.png","Art/UI/Popups","copied","Matched expected filename"
"asset_0034","ui_chest_open_popup.png","BUX2\ui_chest_open_popup.png","Assets\BUX\Art\UI\Popups\ui_chest_open_popup.png","Art/UI/Popups","copied","Matched expected filename"
"asset_0035","ui_daily_reward_popup.png","BUX2\ui_daily_reward_popup.png","Assets\BUX\Art\UI\Popups\ui_daily_reward_popup.png","Art/UI/Popups","copied","Matched expected filename"
"asset_0036","ui_event_popup.png","BUX2\ui_event_popup.png","Assets\BUX\Art\UI\Popups\ui_event_popup.png","Art/UI/Popups","copied","Matched expected filename"
"asset_0037","ui_friend_challenge_popup.png","BUX2\ui_friend_challenge_popup.png","Assets\BUX\Art\UI\Popups\ui_friend_challenge_popup.png","Art/UI/Popups","copied","Matched expected filename"
"asset_0038","ui_level_complete_popup.png","BUX2\ui_level_complete_popup.png","Assets\BUX\Art\UI\Popups\ui_level_complete_popup.png","Art/UI/Popups","copied","Matched expected filename"
"asset_0039","ui_level_failed_popup.png","BUX2\ui_level_failed_popup.png","Assets\BUX\Art\UI\Popups\ui_level_failed_popup.png","Art/UI/Popups","copied","Matched expected filename"
"asset_0040","ui_level_start_popup.png","BUX2\ui_level_start_popup.png","Assets\BUX\Art\UI\Popups\ui_level_start_popup.png","Art/UI/Popups","copied","Matched expected filename"
"asset_0041","ui_out_of_moves_popup.png","BUX2\ui_out_of_moves_popup.png","Assets\BUX\Art\UI\Popups\ui_out_of_moves_popup.png","Art/UI/Popups","copied","Matched expected filename"
"asset_0042","ui_pause_popup.png","BUX2\ui_pause_popup.png","Assets\BUX\Art\UI\Popups\ui_pause_popup.png","Art/UI/Popups","copied","Matched expected filename"
"asset_0043","ui_reward_popup.png","BUX2\ui_reward_popup.png","Assets\BUX\Art\UI\Popups\ui_reward_popup.png","Art/UI/Popups","copied","Matched expected filename"
"asset_0044","ui_wardrobe_popup.png","BUX2\ui_wardrobe_popup.png","Assets\BUX\Art\UI\Popups\ui_wardrobe_popup.png","Art/UI/Popups","copied","Matched expected filename"
"asset_0080","chest_event_closed.png","BUX2\renamed_matched_assets\chest_event_closed.png","Assets\BUX\Art\UI\Rewards\chest_event_closed.png","Art/UI/Rewards","copied","Matched expected filename"
"asset_0081","chest_event_open.png","BUX2\renamed_matched_assets\chest_event_open.png","Assets\BUX\Art\UI\Rewards\chest_event_open.png","Art/UI/Rewards","copied","Matched expected filename"
"asset_0082","chest_friend_closed.png","BUX2\renamed_matched_assets\chest_friend_closed.png","Assets\BUX\Art\UI\Rewards\chest_friend_closed.png","Art/UI/Rewards","copied","Matched expected filename"
"asset_0174","chest_friend_open.png","BUX2\renamed_unsorted4_assets\chest_friend_open.png","Assets\BUX\Art\UI\Rewards\chest_friend_open.png","Art/UI/Rewards","copied","Matched expected filename"
"asset_0083","chest_rare_closed.png","BUX2\renamed_matched_assets\chest_rare_closed.png","Assets\BUX\Art\UI\Rewards\chest_rare_closed.png","Art/UI/Rewards","copied","Matched expected filename"
"asset_0084","chest_rare_open.png","BUX2\renamed_matched_assets\chest_rare_open.png","Assets\BUX\Art\UI\Rewards\chest_rare_open.png","Art/UI/Rewards","copied","Matched expected filename"
"asset_0085","chest_small_closed.png","BUX2\renamed_matched_assets\chest_small_closed.png","Assets\BUX\Art\UI\Rewards\chest_small_closed.png","Art/UI/Rewards","copied","Matched expected filename"
"asset_0086","chest_small_open.png","BUX2\renamed_matched_assets\chest_small_open.png","Assets\BUX\Art\UI\Rewards\chest_small_open.png","Art/UI/Rewards","copied","Matched expected filename"
"asset_0175","chest_star_closed.png","BUX2\renamed_unsorted4_assets\chest_star_closed.png","Assets\BUX\Art\UI\Rewards\chest_star_closed.png","Art/UI/Rewards","copied","Matched expected filename"
"asset_0087","chest_star_open.png","BUX2\renamed_matched_assets\chest_star_open.png","Assets\BUX\Art\UI\Rewards\chest_star_open.png","Art/UI/Rewards","copied","Matched expected filename"
"asset_0219","tutorial_hand_pointer.png","BUX2\renamed_unsorted4_assets\tutorial_hand_pointer.png","Assets\BUX\Art\UI\Tutorial\tutorial_hand_pointer.png","Art/UI/Tutorial","copied","Matched expected filename"
"asset_0220","tutorial_highlight_ring.png","BUX2\renamed_unsorted4_assets\tutorial_highlight_ring.png","Assets\BUX\Art\UI\Tutorial\tutorial_highlight_ring.png","Art/UI/Tutorial","copied","Matched expected filename"
"asset_0221","tutorial_speech_bubble.png","BUX2\renamed_unsorted4_assets\tutorial_speech_bubble.png","Assets\BUX\Art\UI\Tutorial\tutorial_speech_bubble.png","Art/UI/Tutorial","copied","Matched expected filename"
"asset_0222","tutorial_swipe_arrow_horizontal.png","BUX2\renamed_unsorted4_assets\tutorial_swipe_arrow_horizontal.png","Assets\BUX\Art\UI\Tutorial\tutorial_swipe_arrow_horizontal.png","Art/UI/Tutorial","copied","Matched expected filename"
"asset_0223","tutorial_swipe_arrow_vertical.png","BUX2\renamed_unsorted4_assets\tutorial_swipe_arrow_vertical.png","Assets\BUX\Art\UI\Tutorial\tutorial_swipe_arrow_vertical.png","Art/UI/Tutorial","copied","Matched expected filename"
"asset_0224","tutorial_tap_indicator.png","BUX2\renamed_unsorted4_assets\tutorial_tap_indicator.png","Assets\BUX\Art\UI\Tutorial\tutorial_tap_indicator.png","Art/UI/Tutorial","copied","Matched expected filename"
"asset_0001","asset_audit.md","BUX2\asset_audit.md","Assets\BUX\Data\Manifests\Reports\asset_audit.md","Data/Manifests/Reports","copied","Documentation/report/source prompt file preserved"
"asset_0374","board_and_map_asset_filenames.txt","BUX2\unsorted3\board_and_map_asset_filenames.txt","Assets\BUX\Data\Manifests\Reports\board_and_map_asset_filenames.txt","Data/Manifests/Reports","copied","Documentation/report/source prompt file preserved"
"asset_0423","board_and_map_asset_filenames.txt","BUX2\unsorted4\board_and_map_asset_filenames.txt","Assets\BUX\Data\Manifests\Reports\board_and_map_asset_filenames.txt","Data/Manifests/Reports","existing_same","Documentation/report/source prompt file preserved"
"asset_0015","BUX_Puzzle_Project_Package_Analysis_and_Structure_Addendum.md","BUX2\BUX_Puzzle_Project_Package_Analysis_and_Structure_Addendum.md","Assets\BUX\Data\Manifests\Reports\BUX_Puzzle_Project_Package_Analysis_and_Structure_Addendum.md","Data/Manifests/Reports","copied","Documentation/report/source prompt file preserved"
"asset_0225","elevenlabs_mobile_game_sfx_prompts_no_music.csv","BUX2\sound\elevenlabs_mobile_game_sfx_prompts_no_music.csv","Assets\BUX\Data\Manifests\Reports\elevenlabs_mobile_game_sfx_prompts_no_music.csv","Data/Manifests/Reports","copied","Documentation/report/source prompt file preserved"
"asset_0306","game_asset_filenames.txt","BUX2\unsorted\game_asset_filenames.txt","Assets\BUX\Data\Manifests\Reports\game_asset_filenames.txt","Data/Manifests/Reports","copied","Documentation/report/source prompt file preserved"
"asset_0353","game_asset_prompts.csv","BUX2\unsorted\unsorted ny\game_asset_prompts.csv","Assets\BUX\Data\Manifests\Reports\game_asset_prompts.csv","Data/Manifests/Reports","copied","Documentation/report/source prompt file preserved"
"asset_0352","game_assets_01_to_17_with_prompts.csv","BUX2\unsorted\unsorted ny\game_assets_01_to_17_with_prompts.csv","Assets\BUX\Data\Manifests\Reports\game_assets_01_to_17_with_prompts.csv","Data/Manifests/Reports","copied","Documentation/report/source prompt file preserved"
"asset_0422","last_batch_asset_filenames.txt","BUX2\unsorted3\last_batch_asset_filenames.txt","Assets\BUX\Data\Manifests\Reports\last_batch_asset_filenames.txt","Data/Manifests/Reports","copied","Documentation/report/source prompt file preserved"
"asset_0287","numbered_asset_names_objectives_specials_goals (1).docx","BUX2\sound\unsorted6\numbered_asset_names_objectives_specials_goals (1).docx","Assets\BUX\Data\Manifests\Reports\numbered_asset_names_objectives_specials_goals (1).docx","Data/Manifests/Reports","copied","Documentation/report/source prompt file preserved"
"asset_0226","suno_sound_mapping_report.md","BUX2\sound\suno_sound_mapping_report.md","Assets\BUX\Data\Manifests\Reports\suno_sound_mapping_report.md","Data/Manifests/Reports","copied","Documentation/report/source prompt file preserved"
"asset_0258","suno_sound_names_numbered.docx","BUX2\sound\unsorted\suno_sound_names_numbered.docx","Assets\BUX\Data\Manifests\Reports\suno_sound_names_numbered.docx","Data/Manifests/Reports","copied","Documentation/report/source prompt file preserved"
"asset_0030","tree.txt","BUX2\tree.txt","Assets\BUX\Data\Manifests\Reports\tree.txt","Data/Manifests/Reports","copied","Documentation/report/source prompt file preserved"
"asset_0227","tree.txt","BUX2\sound\tree.txt","Assets\BUX\Data\Manifests\Reports\tree__conflict_1.txt","Data/Manifests/Reports","conflict_copied_unique","Documentation/report/source prompt file preserved"
"asset_0047","unsorted3_mapping_report.md","BUX2\unsorted3_mapping_report.md","Assets\BUX\Data\Manifests\Reports\unsorted3_mapping_report.md","Data/Manifests/Reports","copied","Documentation/report/source prompt file preserved"
"asset_0049","unsorted4_mapping_report.md","BUX2\unsorted4_mapping_report.md","Assets\BUX\Data\Manifests\Reports\unsorted4_mapping_report.md","Data/Manifests/Reports","copied","Documentation/report/source prompt file preserved"
